plot_id,yield_tons_per_ha
PLOT-017296,3.5826
PLOT-017259,2.5749
PLOT-016178,2.3738
PLOT-018610,3.0076
PLOT-015109,2.5421
PLOT-016351,2.9705
PLOT-017917,1.5629
PLOT-016422,2.4628
PLOT-018085,3.2153
PLOT-015051,3.6259
PLOT-018124,1.2357
PLOT-016442,2.6502
PLOT-016032,2.377
PLOT-016414,3.558
PLOT-018385,3.3181
PLOT-015539,6.7973
PLOT-018115,4.2467
PLOT-017927,2.976
PLOT-015687,3.0661
PLOT-015584,1.0215
PLOT-015219,2.2947
PLOT-016803,2.4551
PLOT-015474,1.7309
PLOT-017984,2.9962
PLOT-017147,2.4402
PLOT-017440,1.8505
PLOT-018208,1.9483
PLOT-016703,1.4521
PLOT-015643,1.7206
PLOT-016058,2.2786
PLOT-015075,1.0333
PLOT-016661,0.9323
PLOT-018508,5.8548
PLOT-017437,2.5592
PLOT-017258,3.3356
PLOT-017063,3.2513
PLOT-017838,3.432
PLOT-017079,0.7877
PLOT-015569,3.9913
PLOT-016146,3.3015
PLOT-016884,5.111
PLOT-016578,0.6827
PLOT-017559,1.8082
PLOT-017720,3.1454
PLOT-015369,2.3638
PLOT-017876,3.6942
PLOT-017847,3.5007
PLOT-017730,0.4696
PLOT-015531,1.848
PLOT-015062,3.3413
PLOT-015438,3.1992
PLOT-018698,2.8616
PLOT-016680,2.2359
PLOT-017845,3.6996
PLOT-015412,0.8126
PLOT-018488,4.0229
PLOT-015774,2.5784
PLOT-017199,5.7201
PLOT-018697,4.8996
PLOT-016729,1.9805
PLOT-017556,0.9539
PLOT-018475,2.3969
PLOT-016568,0.9459
PLOT-017444,2.1765
PLOT-015186,5.0825
PLOT-015262,3.8987
PLOT-017650,1.5827
PLOT-016963,5.8032
PLOT-017561,0.926
PLOT-015259,5.5824
PLOT-016841,2.994
PLOT-015400,5.4062
PLOT-017374,3.7845
PLOT-015098,4.677
PLOT-015360,2.1404
PLOT-015196,2.6502
PLOT-018417,2.4809
PLOT-015807,3.268
PLOT-015684,2.8026
PLOT-017498,2.3345
PLOT-017369,3.1015
PLOT-017803,1.1657
PLOT-015637,2.7134
PLOT-017933,2.1904
PLOT-016271,1.216
PLOT-016297,2.7005
PLOT-016902,1.5986
PLOT-016443,1.1486
PLOT-016082,2.2427
PLOT-017071,3.6728
PLOT-017173,2.5645
PLOT-016550,3.2676
PLOT-018477,3.2051
PLOT-016395,3.6037
PLOT-015694,2.2428
PLOT-017865,1.0056
PLOT-016675,3.2744
PLOT-015961,2.4089
PLOT-016334,2.5414
PLOT-015767,3.0688
PLOT-018394,2.2741
PLOT-016209,1.627
PLOT-018458,2.774
PLOT-016268,2.7987
PLOT-017460,2.9344
PLOT-017620,2.2152
PLOT-017019,1.1089
PLOT-016195,5.2285
PLOT-018158,2.3416
PLOT-016354,1.6639
PLOT-017348,5.5597
PLOT-017165,2.8617
PLOT-015433,0.9006
PLOT-018119,1.4206
PLOT-016625,2.2124
PLOT-017493,4.877
PLOT-018521,0.9243
PLOT-018018,5.6127
PLOT-015445,0.8675
PLOT-017119,4.3369
PLOT-016753,4.7045
PLOT-015479,2.4067
PLOT-018129,3.6628
PLOT-018629,4.4436
PLOT-015892,2.405
PLOT-015511,2.4057
PLOT-018165,2.0489
PLOT-017848,1.2276
PLOT-015571,1.9374
PLOT-017061,3.5115
PLOT-015030,3.5528
PLOT-015359,1.7778
PLOT-016740,3.0158
PLOT-016389,2.2065
PLOT-018489,2.2047
PLOT-017813,3.1016
PLOT-016371,3.6153
PLOT-017553,2.8317
PLOT-016251,1.5965
PLOT-015848,1.4207
PLOT-018369,4.3391
PLOT-016905,1.5115
PLOT-015985,3.3369
PLOT-018339,3.4871
PLOT-016667,2.9897
PLOT-017321,3.5686
PLOT-015440,3.7667
PLOT-015095,1.6272
PLOT-015414,4.7324
PLOT-017447,1.2348
PLOT-015087,3.4504
PLOT-015616,2.2562
PLOT-018527,1.6642
PLOT-015638,3.9198
PLOT-018196,1.1674
PLOT-017701,4.3089
PLOT-015651,0.8756
PLOT-016284,3.2306
PLOT-017277,4.5558
PLOT-018362,2.1958
PLOT-017940,3.3548
PLOT-018036,2.7898
PLOT-017892,1.2268
PLOT-015358,1.1685
PLOT-018341,4.8229
PLOT-015115,3.7893
PLOT-016758,0.9677
PLOT-017074,1.0941
PLOT-018714,3.154
PLOT-015883,4.1089
PLOT-017053,4.2136
PLOT-015124,1.6768
PLOT-017727,2.7626
PLOT-015858,2.7599
PLOT-017534,3.3178
PLOT-016114,2.3959
PLOT-018558,0.9991
PLOT-015070,1.9158
PLOT-017776,2.1607
PLOT-015415,1.0272
PLOT-016054,2.0349
PLOT-015737,2.4247
PLOT-016136,1.9917
PLOT-017466,2.6017
PLOT-016263,1.8157
PLOT-016684,3.6491
PLOT-016002,3.7915
PLOT-015732,2.2603
PLOT-017092,2.0988
PLOT-015561,2.3005
PLOT-016611,2.4204
PLOT-018737,2.9196
PLOT-016298,2.9364
PLOT-016218,1.6869
PLOT-017167,6.049
PLOT-018161,4.145
PLOT-018476,3.2628
PLOT-017875,2.8215
PLOT-015868,2.6696
PLOT-017646,0.6564
PLOT-017200,1.9979
PLOT-015194,5.2401
PLOT-017095,1.2696
PLOT-016283,3.0248
PLOT-016303,2.4234
PLOT-018517,3.3161
PLOT-015964,3.4063
PLOT-017386,2.8065
PLOT-016363,2.3805
PLOT-015181,2.2496
PLOT-018094,3.4113
PLOT-017138,2.6479
PLOT-015200,1.6392
PLOT-017829,4.3363
PLOT-016961,1.1947
PLOT-017908,3.7919
PLOT-016787,0.1204
PLOT-018491,3.3231
PLOT-016010,4.7168
PLOT-016937,4.3172
PLOT-016140,2.0904
PLOT-018552,2.9807
PLOT-015267,4.1416
PLOT-015375,3.4778
PLOT-017888,5.2694
PLOT-015735,1.9715
PLOT-015699,1.2048
PLOT-016226,1.4477
PLOT-017731,3.1531
PLOT-015370,1.5358
PLOT-015512,3.8403
PLOT-015729,1.1013
PLOT-018046,1.3876
PLOT-016197,1.1255
PLOT-016799,2.1241
PLOT-016782,2.5131
PLOT-018480,2.5982
PLOT-015325,2.1039
PLOT-018661,4.5827
PLOT-018704,3.6358
PLOT-016825,4.4055
PLOT-016125,3.6844
PLOT-016365,0.4641
PLOT-016892,3.5867
PLOT-018449,2.5778
PLOT-017066,1.2803
PLOT-015768,2.1677
PLOT-015416,3.6073
PLOT-017780,1.0288
PLOT-018493,2.0956
PLOT-018003,2.2703
PLOT-017549,2.8922
PLOT-018739,4.7045
PLOT-017926,2.0197
PLOT-017827,2.5801
PLOT-018066,1.3126
PLOT-017546,4.7999
PLOT-016759,3.2889
PLOT-016413,4.0363
PLOT-016748,5.6132
PLOT-015377,1.342
PLOT-016015,2.3837
PLOT-015546,3.0325
PLOT-015691,2.5194
PLOT-015949,3.1731
PLOT-018025,2.7367
PLOT-017024,3.2033
PLOT-016559,3.262
PLOT-017764,1.146
PLOT-015890,1.7438
PLOT-015060,2.8681
PLOT-016724,2.9528
PLOT-015632,4.4697
PLOT-018226,1.8647
PLOT-016599,0.8597
PLOT-017810,5.6357
PLOT-016695,0.5066
PLOT-016436,1.2215
PLOT-018083,3.5225
PLOT-016852,3.5846
PLOT-018076,2.8557
PLOT-017576,1.1755
PLOT-017359,2.559
PLOT-017696,2.8861
PLOT-016238,5.5834
PLOT-018309,2.3955
PLOT-018047,1.167
PLOT-015746,1.1621
PLOT-015328,1.6049
PLOT-018648,2.8028
PLOT-018664,1.9955
PLOT-016989,3.425
PLOT-015034,4.2984
PLOT-018344,1.392
PLOT-016784,5.171
PLOT-016686,2.8994
PLOT-016244,5.4222
PLOT-015449,2.7379
PLOT-017923,2.4665
PLOT-017916,0.759
PLOT-016005,1.0569
PLOT-017699,3.4829
PLOT-015718,5.1459
PLOT-016621,0.5676
PLOT-017443,2.1138
PLOT-016364,1.0853
PLOT-015125,1.2967
PLOT-017639,1.6552
PLOT-017302,3.1836
PLOT-017345,8.2182
PLOT-018486,3.8896
PLOT-016780,1.7244
PLOT-017402,0.8796
PLOT-016050,3.75
PLOT-015701,3.7973
PLOT-015340,4.3953
PLOT-018720,2.115
PLOT-015187,1.7053
PLOT-015983,3.8471
PLOT-018244,1.3269
PLOT-018696,2.4407
PLOT-015121,2.7361
PLOT-015603,1.7101
PLOT-015667,1.7548
PLOT-017607,0.9271
PLOT-015244,2.6358
PLOT-015532,3.8343
PLOT-017027,1.4167
PLOT-017983,3.8885
PLOT-016179,1.2411
PLOT-017854,3.5421
PLOT-017752,3.483
PLOT-018628,3.5635
PLOT-016701,6.4459
PLOT-015801,2.9207
PLOT-015840,4.727
PLOT-016235,1.7652
PLOT-017163,1.1331
PLOT-016926,4.153
PLOT-017873,2.113
PLOT-015444,2.2399
PLOT-018090,2.7998
PLOT-017284,3.0514
PLOT-016313,3.6968
PLOT-015921,2.4073
PLOT-015795,2.2597
PLOT-015897,2.4343
PLOT-015009,0.959
PLOT-017904,2.195
PLOT-016267,4.0927
PLOT-017772,1.7282
PLOT-016747,2.9911
PLOT-016416,3.0599
PLOT-018353,1.5141
PLOT-017112,2.8108
PLOT-017036,2.2421
PLOT-018650,2.891
PLOT-015213,1.2261
PLOT-016104,3.4765
PLOT-016726,2.6616
PLOT-018386,1.5082
PLOT-018174,0.8879
PLOT-018548,2.9446
PLOT-017159,1.4442
PLOT-016397,4.6684
PLOT-015836,1.1485
PLOT-015206,5.2595
PLOT-015658,3.0059
PLOT-018497,0.5477
PLOT-015739,0.8382
PLOT-015500,3.5176
PLOT-017160,5.2456
PLOT-017050,2.9083
PLOT-017103,3.7259
PLOT-017108,1.057
PLOT-018553,3.1276
PLOT-015666,2.31
PLOT-017371,2.2854
PLOT-015564,3.0552
PLOT-016262,2.5931
PLOT-016644,2.9054
PLOT-016206,5.5191
PLOT-016021,2.6559
PLOT-015134,4.2132
PLOT-017156,2.5692
PLOT-015305,1.3364
PLOT-015915,4.2142
PLOT-016591,4.0048
PLOT-017312,3.1241
PLOT-017319,2.4184
PLOT-015619,3.1556
PLOT-017333,5.7866
PLOT-015903,1.2175
PLOT-016384,2.9443
PLOT-016921,1.0008
PLOT-017739,2.6614
PLOT-015296,1.2585
PLOT-015935,3.0972
PLOT-017986,3.2813
PLOT-015318,6.7686
PLOT-015420,1.8521
PLOT-017129,3.6247
PLOT-017790,3.0643
PLOT-017656,1.4896
PLOT-016632,1.8925
PLOT-016051,2.8257
PLOT-018225,1.3664
PLOT-017949,4.053
PLOT-016906,2.1043
PLOT-015562,1.305
PLOT-017367,2.612
PLOT-018710,1.7326
PLOT-018731,2.147
PLOT-016252,1.1267
PLOT-017403,2.4778
PLOT-017863,5.1159
PLOT-018598,3.582
PLOT-017568,1.89
PLOT-017221,3.8949
PLOT-016816,4.1279
PLOT-016587,2.2449
PLOT-017318,0.7153
PLOT-016844,1.789
PLOT-015742,4.1907
PLOT-018591,4.7371
PLOT-015889,1.8389
PLOT-017253,4.0556
PLOT-015748,3.247
PLOT-018015,2.4497
PLOT-017060,3.1508
PLOT-018286,5.1803
PLOT-015514,3.999
PLOT-018038,2.1101
PLOT-016090,1.4361
PLOT-015662,3.3348
PLOT-016688,5.4982
PLOT-015361,0.9208
PLOT-017796,2.6476
PLOT-018605,1.4263
PLOT-018501,2.4885
PLOT-015652,2.2369
PLOT-018012,1.9618
PLOT-017293,2.9239
PLOT-017170,1.6845
PLOT-017332,2.2446
PLOT-016390,5.3039
PLOT-018096,3.7134
PLOT-015193,2.5391
PLOT-018245,0.9581
PLOT-018081,1.813
PLOT-018663,4.2091
PLOT-017419,0.7806
PLOT-018326,4.0056
PLOT-016915,3.0981
PLOT-016788,6.3289
PLOT-017072,5.1724
PLOT-016579,2.2792
PLOT-017705,3.1776
PLOT-016872,1.3944
PLOT-015705,1.0387
PLOT-015131,3.1687
PLOT-015592,0.4609
PLOT-015664,0.9741
PLOT-015565,2.5359
PLOT-017503,1.0627
PLOT-016306,2.7026
PLOT-016077,4.5121
PLOT-015178,2.1777
PLOT-017737,4.4876
PLOT-018393,2.7584
PLOT-016431,0.8752
PLOT-016279,3.9171
PLOT-015854,4.3531
PLOT-015720,4.0216
PLOT-016893,2.9184
PLOT-017746,5.0932
PLOT-018507,4.2005
PLOT-016352,3.5491
PLOT-018687,5.0615
PLOT-017541,4.2259
PLOT-017309,2.4177
PLOT-015517,2.4593
PLOT-018110,4.5394
PLOT-017497,4.7369
PLOT-018634,1.0986
PLOT-015079,2.0963
PLOT-017992,3.7855
PLOT-016225,4.0632
PLOT-015427,3.8603
PLOT-016795,3.0262
PLOT-017765,2.0778
PLOT-018264,0.8988
PLOT-017756,1.0255
PLOT-018570,0.9106
PLOT-016470,1.2766
PLOT-017178,1.0567
PLOT-018492,5.1808
PLOT-015933,1.9548
PLOT-017090,2.8742
PLOT-018323,3.0652
PLOT-015527,4.3172
PLOT-018504,0.9614
PLOT-015513,5.628
PLOT-016995,0.8886
PLOT-017228,3.1885
PLOT-017700,1.066
PLOT-015707,1.7834
PLOT-016771,2.3388
PLOT-016332,2.4102
PLOT-015670,2.3833
PLOT-017610,3.258
PLOT-015991,3.9634
PLOT-016438,2.8533
PLOT-015180,4.4964
PLOT-016277,3.2387
PLOT-016674,3.5579
PLOT-018134,4.7036
PLOT-016933,3.8464
PLOT-017924,3.6778
PLOT-016039,3.1978
PLOT-016084,3.6896
PLOT-016730,5.0039
PLOT-015615,3.2969
PLOT-017841,2.7324
PLOT-018607,2.7152
PLOT-016347,5.5075
PLOT-016275,3.4252
PLOT-015802,1.7881
PLOT-017134,2.5124
PLOT-015448,1.2553
PLOT-016387,5.1151
PLOT-018608,6.3928
PLOT-015430,1.5242
PLOT-018317,1.0976
PLOT-017893,2.9207
PLOT-017014,0.4416
PLOT-015450,2.4094
PLOT-015580,3.485
PLOT-016609,1.449
PLOT-017059,2.1221
PLOT-015596,7.3854
PLOT-016714,1.0583
PLOT-015789,2.8418
PLOT-015346,0.4418
PLOT-015502,3.7135
PLOT-018590,2.9985
PLOT-016406,1.6771
PLOT-017176,3.4526
PLOT-016166,1.8949
PLOT-016608,1.4928
PLOT-017301,2.4154
PLOT-016830,2.5249
PLOT-015268,1.9828
PLOT-017013,2.7688
PLOT-017006,3.8419
PLOT-018141,2.7942
PLOT-017421,1.732
PLOT-017719,1.1965
PLOT-017157,2.4746
PLOT-017075,1.2567
PLOT-018185,1.2132
PLOT-017305,3.7414
PLOT-018525,3.4039
PLOT-018395,2.5091
PLOT-015992,4.9564
PLOT-015977,2.5232
PLOT-017236,1.612
PLOT-015314,2.8924
PLOT-017721,2.5233
PLOT-017641,3.1061
PLOT-015283,1.8339
PLOT-016134,2.3641
PLOT-017003,5.4702
PLOT-017742,2.7804
PLOT-015032,2.8161
PLOT-015590,3.7237
PLOT-018723,1.3133
PLOT-015240,5.0843
PLOT-017771,1.167
PLOT-016558,5.1517
PLOT-018071,3.9793
PLOT-017804,4.5203
PLOT-016720,1.0418
PLOT-015339,1.6101
PLOT-015993,2.26
PLOT-016731,1.0229
PLOT-016785,1.6643
PLOT-017733,3.1018
PLOT-016170,3.6057
PLOT-018373,1.8546
PLOT-016765,2.8421
PLOT-015498,1.9891
PLOT-015280,4.1645
PLOT-015217,3.2595
PLOT-016949,2.0956
PLOT-015672,3.3321
PLOT-016236,3.7189
PLOT-016643,6.5319
PLOT-015668,3.0739
PLOT-016483,2.9446
PLOT-017761,2.3461
PLOT-016412,2.4272
PLOT-018097,4.0402
PLOT-016617,1.6715
PLOT-015356,2.3703
PLOT-015971,1.2745
PLOT-018406,3.0117
PLOT-016749,1.8163
PLOT-017081,1.7517
PLOT-015852,1.5883
PLOT-016208,2.5349
PLOT-017786,1.8792
PLOT-017839,2.4393
PLOT-015751,2.3139
PLOT-018336,2.7314
PLOT-018593,4.9415
PLOT-015362,1.5789
PLOT-016078,1.6008
PLOT-016597,2.7204
PLOT-015012,2.353
PLOT-015485,2.4489
PLOT-016261,3.1759
PLOT-016745,3.252
PLOT-017735,4.4646
PLOT-018382,3.602
PLOT-015786,1.8674
PLOT-015959,2.2629
PLOT-017655,0.8889
PLOT-015740,1.7171
PLOT-015524,2.3376
PLOT-017879,5.2328
PLOT-017634,1.5724
PLOT-018092,4.1666
PLOT-017915,2.4094
PLOT-018621,2.1772
PLOT-017004,3.3318
PLOT-015884,2.2816
PLOT-017530,2.3716
PLOT-015453,3.404
PLOT-018324,2.3216
PLOT-016657,1.1933
PLOT-018639,2.3009
PLOT-017328,1.5772
PLOT-016425,3.3964
PLOT-015099,2.891
PLOT-018690,2.0852
PLOT-017698,1.5551
PLOT-015979,1.8066
PLOT-016157,5.8241
PLOT-017015,2.5792
PLOT-016374,2.1728
PLOT-016381,2.1068
PLOT-016040,2.5359
PLOT-017168,2.0406
PLOT-016286,7.4624
PLOT-015760,4.2784
PLOT-016086,1.8443
PLOT-016767,1.8897
PLOT-015210,3.1634
PLOT-016596,4.4148
PLOT-017052,1.5377
PLOT-016240,5.1075
PLOT-017276,2.6836
PLOT-017590,3.1118
PLOT-017768,4.614
PLOT-017526,3.817
PLOT-016171,4.4775
PLOT-016459,4.2468
PLOT-016183,3.5561
PLOT-018534,4.4439
PLOT-018132,4.0324
PLOT-015773,4.5996
PLOT-017304,3.6211
PLOT-015631,3.0821
PLOT-016153,3.54
PLOT-016398,2.7258
PLOT-015387,0.8012
PLOT-016496,3.2938
PLOT-016971,2.4979
PLOT-016116,3.8912
PLOT-015476,1.4154
PLOT-016547,4.9806
PLOT-016463,2.0053
PLOT-017930,1.8665
PLOT-016242,1.0836
PLOT-018215,3.6647
PLOT-017425,7.7976
PLOT-018564,2.4
PLOT-015833,4.4828
PLOT-017116,2.9404
PLOT-017323,4.7738
PLOT-015523,5.432
PLOT-015203,4.0371
PLOT-018506,5.0247
PLOT-015736,2.8502
PLOT-018510,5.0226
PLOT-018104,2.5507
PLOT-017736,0.6082
PLOT-018520,4.3128
PLOT-017342,3.772
PLOT-016690,1.37
PLOT-015929,3.9319
PLOT-017434,1.2382
PLOT-015372,1.911
PLOT-017272,2.7234
PLOT-015488,3.325
PLOT-018235,0.7873
PLOT-016167,6.4222
PLOT-017166,2.5532
PLOT-018586,2.381
PLOT-015676,2.1348
PLOT-017242,1.7507
PLOT-017668,3.0042
PLOT-016121,4.1245
PLOT-017644,1.504
PLOT-017835,1.4628
PLOT-017227,1.5472
PLOT-018024,2.6755
PLOT-015700,5.5124
PLOT-017264,4.5233
PLOT-017394,1.8028
PLOT-018455,1.5159
PLOT-016108,2.2422
PLOT-015224,3.5142
PLOT-017557,2.5243
PLOT-017020,3.8527
PLOT-015587,4.3572
PLOT-015172,4.9141
PLOT-017124,2.4032
PLOT-016324,4.3558
PLOT-015110,0.8833
PLOT-015582,3.4765
PLOT-017565,2.5646
PLOT-016420,5.3372
PLOT-017970,3.8233
PLOT-018061,2.3216
PLOT-015255,3.606
PLOT-018672,1.6027
PLOT-015455,1.8864
PLOT-016493,1.8455
PLOT-018113,1.0758
PLOT-018523,0.2496
PLOT-015800,4.4986
PLOT-018463,3.1797
PLOT-018135,1.5694
PLOT-017335,2.4707
PLOT-017223,0.9763
PLOT-017864,7.762
PLOT-015118,2.7827
PLOT-016911,1.685
PLOT-017651,5.6082
PLOT-017281,3.0503
PLOT-016514,1.3706
PLOT-015876,4.0427
PLOT-018403,3.5477
PLOT-017055,2.3637
PLOT-015600,2.8116
PLOT-015008,5.8266
PLOT-016164,4.1374
PLOT-018668,2.9021
PLOT-016809,5.2911
PLOT-016774,3.1811
PLOT-016781,5.5169
PLOT-018422,1.071
PLOT-017994,2.9004
PLOT-015536,1.9617
PLOT-018511,5.3279
PLOT-017667,2.4975
PLOT-018575,2.174
PLOT-018678,1.9821
PLOT-015275,5.5211
PLOT-018426,2.4747
PLOT-016434,1.7956
PLOT-016489,1.7118
PLOT-015442,3.2735
PLOT-018383,1.7561
PLOT-017143,2.5055
PLOT-016564,1.222
PLOT-018128,2.9031
PLOT-015984,4.3538
PLOT-015785,2.7815
PLOT-015928,1.8088
PLOT-016260,2.8
PLOT-016294,2.6659
PLOT-018259,3.9304
PLOT-018616,3.6213
PLOT-018606,2.2272
PLOT-017216,4.6313
PLOT-016135,3.3946
PLOT-017665,1.8833
PLOT-015871,4.0724
PLOT-017086,3.5547
PLOT-015847,4.8011
PLOT-018227,5.0438
PLOT-015024,1.0036
PLOT-018345,3.6525
PLOT-015057,2.071
PLOT-017594,2.4679
PLOT-015190,1.4219
PLOT-015898,1.3707
PLOT-017490,1.8336
PLOT-018357,2.5519
PLOT-017513,3.508
PLOT-015492,1.1419
PLOT-015962,2.8083
PLOT-016257,3.0193
PLOT-018022,2.0897
PLOT-015640,3.8523
PLOT-015002,2.3029
PLOT-016344,5.0198
PLOT-017575,3.4523
PLOT-015141,2.7118
PLOT-016820,4.331
PLOT-017501,2.4226
PLOT-015612,2.0732
PLOT-017531,2.7869
PLOT-016582,1.7484
PLOT-017965,2.238
PLOT-017991,3.1696
PLOT-017054,4.6134
PLOT-015227,2.5741
PLOT-018364,2.8573
PLOT-015568,0.6699
PLOT-016732,2.9768
PLOT-015572,5.429
PLOT-017017,3.0265
PLOT-017741,4.2846
PLOT-017961,2.3489
PLOT-017989,1.9389
PLOT-015289,3.9053
PLOT-016122,2.4546
PLOT-015920,1.7772
PLOT-017109,1.4195
PLOT-016583,0.9532
PLOT-016229,4.8504
PLOT-015939,6.0363
PLOT-017762,4.4036
PLOT-017536,3.3288
PLOT-015426,2.503
PLOT-018053,5.3298
PLOT-016144,2.775
PLOT-017211,1.8466
PLOT-015602,0.701
PLOT-017111,3.1799
PLOT-017779,5.546
PLOT-018017,1.6067
PLOT-017521,4.7939
PLOT-016308,2.5062
PLOT-018248,2.6645
PLOT-015423,1.2098
PLOT-017728,2.2371
PLOT-016429,4.3104
PLOT-015578,3.064
PLOT-015278,4.0441
PLOT-016491,1.0856
PLOT-015151,2.2211
PLOT-018130,1.9885
PLOT-015378,2.916
PLOT-015895,2.1668
PLOT-018666,3.1135
PLOT-018355,5.4055
PLOT-015841,4.2627
PLOT-018209,5.8229
PLOT-017194,3.2856
PLOT-018301,2.2304
PLOT-016614,2.015
PLOT-017783,3.0949
PLOT-015717,0.9767
PLOT-018032,2.3747
PLOT-015386,2.4636
PLOT-015446,2.1995
PLOT-017106,3.6706
PLOT-018727,2.253
PLOT-016222,2.6275
PLOT-017595,2.3183
PLOT-018172,3.6653
PLOT-015142,1.8109
PLOT-017254,1.3894
PLOT-016903,2.293
PLOT-018037,2.3825
PLOT-017457,3.8748
PLOT-015451,4.5298
PLOT-016228,3.4716
PLOT-016256,2.019
PLOT-018188,1.4766
PLOT-018187,3.5236
PLOT-017395,1.6832
PLOT-017502,1.8834
PLOT-017246,5.8219
PLOT-017679,2.887
PLOT-017645,2.3284
PLOT-015734,3.4289
PLOT-017931,2.8344
PLOT-015456,5.5832
PLOT-016391,2.5068
PLOT-017703,2.285
PLOT-017955,3.6935
PLOT-018424,2.3997
PLOT-017704,3.579
PLOT-017831,3.8185
PLOT-017693,0.6457
PLOT-018179,1.0539
PLOT-017740,3.1643
PLOT-016670,2.993
PLOT-016876,1.9212
PLOT-016457,0.8529
PLOT-016188,0.7317
PLOT-016523,1.1852
PLOT-015803,1.1073
PLOT-017592,1.7694
PLOT-015036,3.1037
PLOT-018547,1.1893
PLOT-018490,7.0045
PLOT-017201,3.3646
PLOT-018559,2.7843
PLOT-015855,1.8568
PLOT-017407,1.561
PLOT-017748,3.4977
PLOT-016325,3.2139
PLOT-016910,0.7706
PLOT-016626,2.9231
PLOT-016727,2.9584
PLOT-015100,0.6114
PLOT-018251,1.5602
PLOT-016929,3.7378
PLOT-015341,3.6721
PLOT-018532,2.7828
PLOT-016312,2.6044
PLOT-015540,1.4229
PLOT-018292,2.5322
PLOT-015243,1.5238
PLOT-018342,2.2281
PLOT-015419,2.6031
PLOT-018330,1.4924
PLOT-016888,2.5047
PLOT-016734,2.2831
PLOT-015727,1.8682
PLOT-015037,2.1295
PLOT-017202,2.917
PLOT-016742,2.1532
PLOT-017898,2.1076
PLOT-015071,3.6866
PLOT-017951,2.4421
PLOT-016203,1.4494
PLOT-015226,2.5774
PLOT-016141,0.8153
PLOT-015669,4.2485
PLOT-017411,3.0607
PLOT-016541,3.3622
PLOT-017846,1.6042
PLOT-018428,3.2926
PLOT-016849,1.5491
PLOT-016102,2.9719
PLOT-018657,0.673
PLOT-017114,5.1775
PLOT-018335,3.7356
PLOT-015468,3.2657
PLOT-017031,2.171
PLOT-017787,3.2431
PLOT-016916,1.9903
PLOT-017311,2.4966
PLOT-018389,0.9913
PLOT-015824,1.6821
PLOT-016396,2.05
PLOT-017975,5.028
PLOT-017363,4.3125
PLOT-015845,2.9743
PLOT-017777,2.9685
PLOT-017911,2.9638
PLOT-018123,4.3484
PLOT-015078,3.4702
PLOT-018160,3.8716
PLOT-016321,2.3556
PLOT-016083,2.5627
PLOT-016320,2.0005
PLOT-017558,5.2825
PLOT-018363,5.8593
PLOT-016700,0.822
PLOT-015943,1.1662
PLOT-017712,2.2668
PLOT-018304,3.5534
PLOT-016733,3.0266
PLOT-015241,2.5529
PLOT-018312,2.7763
PLOT-018299,2.4158
PLOT-017856,3.1226
PLOT-018006,3.7591
PLOT-018302,5.0808
PLOT-015526,4.0427
PLOT-015798,2.7989
PLOT-015713,3.4498
PLOT-018139,2.4787
PLOT-018685,1.4135
PLOT-015738,2.1193
PLOT-016946,1.6679
PLOT-017225,3.1905
PLOT-018118,3.5528
PLOT-018434,3.6115
PLOT-016377,3.5291
PLOT-016914,6.0357
PLOT-016778,4.9027
PLOT-018633,2.0184
PLOT-015757,4.4736
PLOT-017711,2.5516
PLOT-015429,5.1318
PLOT-016982,3.989
PLOT-018432,3.3382
PLOT-018313,1.924
PLOT-016966,5.3658
PLOT-015981,2.7797
PLOT-015263,1.3619
PLOT-018202,3.319
PLOT-018701,3.2232
PLOT-015547,0.6909
PLOT-015454,2.7255
PLOT-015338,5.7436
PLOT-015026,2.1094
PLOT-017844,1.8451
PLOT-016062,2.1435
PLOT-015320,3.3156
PLOT-015000,3.0275
PLOT-016506,1.1181
PLOT-018686,2.0203
PLOT-016151,2.523
PLOT-015407,2.379
PLOT-016769,3.9361
PLOT-016210,2.2904
PLOT-015750,3.111
PLOT-017000,1.4334
PLOT-016542,3.2841
PLOT-017794,2.6687
PLOT-016095,5.4263
PLOT-018217,3.5705
PLOT-015577,3.7022
PLOT-016326,2.1854
PLOT-017811,2.6304
PLOT-018143,2.5333
PLOT-017234,4.6017
PLOT-015270,1.7243
PLOT-015170,1.3965
PLOT-017905,4.0697
PLOT-017189,1.0077
PLOT-016783,3.6154
PLOT-015674,4.2034
PLOT-017807,2.5174
PLOT-016868,3.0066
PLOT-018515,0.8043
PLOT-016441,6.1169
PLOT-016723,1.9399
PLOT-016958,3.4898
PLOT-016619,0.9665
PLOT-017366,2.3816
PLOT-017866,3.6516
PLOT-016987,5.4489
PLOT-015253,1.7417
PLOT-016276,1.8369
PLOT-017910,2.2741
PLOT-017289,2.824
PLOT-015295,3.5196
PLOT-015053,1.2154
PLOT-016096,1.6168
PLOT-015191,2.3722
PLOT-015301,3.0369
PLOT-015365,3.7479
PLOT-017499,3.1808
PLOT-016977,3.6619
PLOT-018703,2.3043
PLOT-015744,2.7898
PLOT-016191,3.0408
PLOT-017039,2.5818
PLOT-017670,3.1254
PLOT-016923,3.7067
PLOT-016355,1.5894
PLOT-016113,2.1374
PLOT-017511,2.355
PLOT-015374,2.8374
PLOT-016821,1.8686
PLOT-015291,0.9026
PLOT-018358,4.1773
PLOT-015389,3.4166
PLOT-018375,3.6885
PLOT-018133,3.6209
PLOT-016180,3.3404
PLOT-016598,2.5076
PLOT-018514,3.0218
PLOT-017084,0.9433
PLOT-015214,2.8434
PLOT-016016,3.186
PLOT-016864,3.623
PLOT-015410,1.159
PLOT-016545,3.3014
PLOT-017619,1.216
PLOT-015832,2.3892
PLOT-015179,4.5577
PLOT-015690,0.3839
PLOT-018122,1.3422
PLOT-015470,1.6742
PLOT-015704,3.213
PLOT-017346,0.7605
PLOT-018653,1.1886
PLOT-017887,1.7019
PLOT-017593,3.1672
PLOT-016075,3.516
PLOT-018680,4.7596
PLOT-016627,1.8203
PLOT-018399,3.1898
PLOT-018295,3.6985
PLOT-015063,6.5266
PLOT-015769,3.034
PLOT-016428,2.0536
PLOT-015324,2.2345
PLOT-015819,3.2963
PLOT-015780,0.5771
PLOT-016699,2.3652
PLOT-016123,4.6484
PLOT-018152,2.7014
PLOT-015752,3.6977
PLOT-016067,3.4087
PLOT-018614,5.8011
PLOT-016041,1.7607
PLOT-018109,2.8348
PLOT-017417,3.0233
PLOT-015716,0.7108
PLOT-017717,3.1756
PLOT-017582,2.8583
PLOT-015550,2.0761
PLOT-018008,3.0455
PLOT-015749,0.7839
PLOT-016487,3.6156
PLOT-017486,2.3526
PLOT-018337,1.8271
PLOT-017426,2.5942
PLOT-018213,1.2313
PLOT-017928,4.385
PLOT-018400,1.4158
PLOT-018531,1.3414
PLOT-017130,3.6069
PLOT-015842,2.7526
PLOT-016997,5.1736
PLOT-015020,3.0941
PLOT-017418,4.1868
PLOT-015879,0.8851
PLOT-017329,2.5515
PLOT-018050,3.2299
PLOT-015863,5.2555
PLOT-017190,2.4761
PLOT-016376,3.5299
PLOT-016936,1.3501
PLOT-015354,2.2617
PLOT-015951,1.0621
PLOT-018496,0.8554
PLOT-016930,3.9493
PLOT-016430,6.2912
PLOT-018121,3.7618
PLOT-017543,2.5232
PLOT-017978,3.2609
PLOT-016305,5.585
PLOT-016073,2.8744
PLOT-016159,1.4944
PLOT-015058,2.0021
PLOT-017450,5.1962
PLOT-017033,2.4173
PLOT-016696,2.0418
PLOT-016379,0.9908
PLOT-016536,2.4934
PLOT-016593,2.3584
PLOT-018407,2.1814
PLOT-016539,0.6675
PLOT-017566,2.4468
PLOT-016423,2.7654
PLOT-017899,1.0448
PLOT-016718,2.693
PLOT-018418,3.3104
PLOT-017527,3.1063
PLOT-016068,2.9534
PLOT-015147,2.2913
PLOT-016715,3.671
PLOT-018198,3.2669
PLOT-016589,3.6304
PLOT-017747,2.6788
PLOT-016531,2.3206
PLOT-017799,2.6444
PLOT-015452,0.3879
PLOT-016561,1.2091
PLOT-016955,3.1393
PLOT-018544,2.5002
PLOT-015192,1.5006
PLOT-016038,2.4301
PLOT-016537,4.3287
PLOT-016293,2.5115
PLOT-018398,1.8015
PLOT-018378,2.5679
PLOT-017606,3.5818
PLOT-015626,2.8854
PLOT-016697,2.5293
PLOT-017338,3.2565
PLOT-018067,1.9582
PLOT-017294,3.0233
PLOT-015974,2.3066
PLOT-016763,2.2639
PLOT-018460,3.2414
PLOT-015150,5.7519
PLOT-017948,5.6553
PLOT-016524,5.1751
PLOT-018623,3.246
PLOT-018719,3.7492
PLOT-016939,1.5786
PLOT-018360,7.0374
PLOT-015484,1.0508
PLOT-017520,1.4429
PLOT-018042,4.5145
PLOT-016302,2.1522
PLOT-015649,3.3507
PLOT-016495,3.1909
PLOT-018724,2.2424
PLOT-016527,3.5032
PLOT-018568,4.2622
PLOT-017347,4.1892
PLOT-018331,3.3085
PLOT-018482,2.3586
PLOT-017082,4.2787
PLOT-016216,1.6042
PLOT-018468,1.7682
PLOT-015945,3.199
PLOT-018396,4.2117
PLOT-015072,3.3786
PLOT-016610,1.8475
PLOT-017614,5.3754
PLOT-017098,0.844
PLOT-018503,1.9077
PLOT-015762,1.8157
PLOT-015089,3.3624
PLOT-017621,3.6319
PLOT-016375,2.6222
PLOT-015017,3.5873
PLOT-018494,2.904
PLOT-015804,5.3824
PLOT-016526,2.1847
PLOT-018537,2.9758
PLOT-017662,1.1171
PLOT-016127,2.1642
PLOT-017248,1.971
PLOT-015838,2.5887
PLOT-016057,3.977
PLOT-015864,1.2526
PLOT-018182,2.5998
PLOT-018404,1.3716
PLOT-015298,2.3738
PLOT-018059,0.1
PLOT-016801,2.6094
PLOT-016871,2.3214
PLOT-016061,3.4975
PLOT-016029,3.6721
PLOT-017769,1.6556
PLOT-017182,2.9106
PLOT-015398,3.4822
PLOT-017643,5.1254
PLOT-016337,4.1684
PLOT-016802,1.8448
PLOT-017918,2.3749
PLOT-017142,2.6064
PLOT-016845,2.5801
PLOT-015395,2.2285
PLOT-015094,3.176
PLOT-016291,1.1641
PLOT-018411,2.6315
PLOT-016353,2.2667
PLOT-016469,2.6738
PLOT-018585,2.1494
PLOT-018311,5.2792
PLOT-016444,2.2703
PLOT-016543,2.4879
PLOT-018658,3.078
PLOT-016942,2.9765
PLOT-018518,2.9916
PLOT-015661,3.5517
PLOT-018117,1.3699
PLOT-016682,2.3682
PLOT-016635,1.6102
PLOT-018065,1.6571
PLOT-015317,2.1564
PLOT-018334,2.3472
PLOT-017233,2.3828
PLOT-015947,1.2969
PLOT-018376,2.9584
PLOT-015770,3.6835
PLOT-016380,1.892
PLOT-016962,2.6443
PLOT-017470,1.2058
PLOT-015544,4.3771
PLOT-016382,5.4872
PLOT-018216,1.2673
PLOT-018102,3.3941
PLOT-016831,2.1367
PLOT-015635,3.7609
PLOT-016181,4.0945
PLOT-017041,6.7263
PLOT-017685,1.2608
PLOT-015108,2.3765
PLOT-017439,2.3653
PLOT-017754,3.916
PLOT-017410,1.5138
PLOT-017548,1.9551
PLOT-017161,3.4888
PLOT-016940,3.056
PLOT-018256,4.282
PLOT-015139,2.449
PLOT-015712,3.3201
PLOT-017144,5.38
PLOT-015287,2.0209
PLOT-017077,1.2276
PLOT-015823,3.7998
PLOT-017035,2.6677
PLOT-017914,3.1121
PLOT-017449,1.4482
PLOT-016869,1.3886
PLOT-016513,4.1862
PLOT-018023,1.7181
PLOT-018300,3.1745
PLOT-016224,6.409
PLOT-018176,2.4155
PLOT-018509,2.0298
PLOT-017099,3.172
PLOT-015525,1.5148
PLOT-015473,2.018
PLOT-015506,2.5039
PLOT-017011,2.4777
PLOT-016223,0.7975
PLOT-015396,1.9802
PLOT-015515,3.311
PLOT-016343,2.5187
PLOT-015891,2.8914
PLOT-018412,3.8744
PLOT-016264,2.8166
PLOT-017164,2.6364
PLOT-015877,1.9049
PLOT-017118,4.8557
PLOT-015013,1.4644
PLOT-018693,2.1071
PLOT-017065,1.5334
PLOT-017825,3.638
PLOT-017812,5.2289
PLOT-015376,1.0695
PLOT-017361,2.0555
PLOT-016900,2.7285
PLOT-015857,4.4335
PLOT-015503,3.5372
PLOT-016081,4.7305
PLOT-015046,3.7298
PLOT-017297,2.7336
PLOT-015266,1.5617
PLOT-017626,2.9696
PLOT-018346,1.2166
PLOT-016549,1.3331
PLOT-016022,4.0876
PLOT-015232,1.6038
PLOT-018063,2.0528
PLOT-018243,2.1926
PLOT-018354,6.016
PLOT-018562,4.8736
PLOT-018681,3.0293
PLOT-016189,1.1586
PLOT-018028,1.784
PLOT-017188,2.0632
PLOT-016584,1.7582
PLOT-015173,2.6225
PLOT-016165,2.3978
PLOT-015204,2.0443
PLOT-017519,1.0289
PLOT-017263,5.3227
PLOT-016177,1.5751
PLOT-016162,2.6104
PLOT-015630,3.2543
PLOT-015681,1.5228
PLOT-018683,1.2858
PLOT-018016,1.6689
PLOT-018408,2.06
PLOT-018240,1.7042
PLOT-016511,1.9056
PLOT-015621,4.2574
PLOT-016450,3.6618
PLOT-017455,2.9798
PLOT-016554,2.7728
PLOT-016292,2.2615
PLOT-016106,1.1316
PLOT-016600,1.7674
PLOT-016409,5.2145
PLOT-015132,2.8966
PLOT-016851,0.6881
PLOT-016124,2.7091
PLOT-016036,2.3191
PLOT-015644,4.2984
PLOT-015778,1.3237
PLOT-016447,3.6469
PLOT-018162,1.4916
PLOT-017716,2.7907
PLOT-017552,2.6802
PLOT-017314,1.8575
PLOT-018456,3.55
PLOT-018366,0.3612
PLOT-017516,0.5719
PLOT-017745,3.5752
PLOT-016586,2.4371
PLOT-015117,6.0191
PLOT-018642,0.9874
PLOT-016192,1.8249
PLOT-017603,5.4253
PLOT-015563,1.8178
PLOT-015722,3.6258
PLOT-016418,2.5204
PLOT-015490,3.1928
PLOT-016070,3.159
PLOT-017280,3.1223
PLOT-018148,1.741
PLOT-017185,2.8761
PLOT-017320,1.893
PLOT-017461,1.5658
PLOT-017222,1.8805
PLOT-016458,3.7847
PLOT-017706,2.7265
PLOT-018415,2.3924
PLOT-017068,3.6832
PLOT-017350,2.9404
PLOT-015609,3.6383
PLOT-016538,3.0402
PLOT-016455,3.2608
PLOT-017436,1.3245
PLOT-017021,3.544
PLOT-015997,1.6518
PLOT-015576,2.0219
PLOT-016163,2.7818
PLOT-015019,3.2341
PLOT-018325,2.9053
PLOT-017906,2.753
PLOT-017751,1.6403
PLOT-016274,2.7956
PLOT-015755,1.991
PLOT-015754,3.6176
PLOT-017451,1.7556
PLOT-016327,0.3124
PLOT-015639,1.2157
PLOT-017749,6.6199
PLOT-015043,2.1478
PLOT-015007,2.433
PLOT-018070,3.0329
PLOT-017383,3.6872
PLOT-015471,0.8341
PLOT-015421,2.3787
PLOT-017310,3.3711
PLOT-015189,3.1545
PLOT-018619,3.6232
PLOT-018662,2.2454
PLOT-015905,2.2916
PLOT-017729,2.5602
PLOT-018049,5.4745
PLOT-018258,5.8089
PLOT-015464,5.4272
PLOT-017950,2.7392
PLOT-017629,3.2133
PLOT-018281,1.0524
PLOT-017334,2.0341
PLOT-016435,4.2945
PLOT-018689,0.1336
PLOT-016965,3.1258
PLOT-015065,1.8718
PLOT-017043,0.9064
PLOT-017373,0.9684
PLOT-015432,2.382
PLOT-016432,2.0369
PLOT-015101,2.2766
PLOT-015048,1.5023
PLOT-018103,1.1836
PLOT-018214,1.8792
PLOT-016847,3.279
PLOT-018171,3.1243
PLOT-017285,2.2882
PLOT-017385,1.1159
PLOT-016777,3.0384
PLOT-017695,3.9493
PLOT-018153,2.3517
PLOT-015828,1.764
PLOT-017355,3.2205
PLOT-015129,5.7405
PLOT-018054,4.0346
PLOT-017085,4.1268
PLOT-015849,3.0088
PLOT-016953,4.1079
PLOT-015315,1.2577
PLOT-016647,2.9029
PLOT-015237,1.972
PLOT-018319,1.9475
PLOT-016873,0.7764
PLOT-017974,4.3218
PLOT-018443,3.4063
PLOT-018365,0.933
PLOT-017505,1.1753
PLOT-015522,2.1448
PLOT-018745,2.4601
PLOT-015054,1.9191
PLOT-017102,3.4721
PLOT-018242,3.7259
PLOT-017265,5.7748
PLOT-016109,2.6542
PLOT-018447,4.446
PLOT-016193,2.4117
PLOT-016481,1.2292
PLOT-015382,2.3954
PLOT-018343,3.5363
PLOT-017919,3.6687
PLOT-015157,5.1255
PLOT-018502,3.0703
PLOT-017858,1.9728
PLOT-015558,1.6169
PLOT-015835,3.1807
PLOT-018622,2.047
PLOT-015463,3.6274
PLOT-018368,1.4474
PLOT-018391,1.0753
PLOT-018371,0.9544
PLOT-016991,2.3701
PLOT-017973,5.7456
PLOT-018296,3.2965
PLOT-017471,2.8007
PLOT-017186,0.5752
PLOT-017409,1.902
PLOT-016874,2.311
PLOT-016806,3.1399
PLOT-015595,5.0964
PLOT-016085,0.6536
PLOT-018020,3.0717
PLOT-018746,5.2691
PLOT-016815,2.497
PLOT-016770,2.5813
PLOT-017325,2.6116
PLOT-017782,3.8614
PLOT-015367,3.8239
PLOT-016232,2.0637
PLOT-018220,2.5998
PLOT-016601,0.9535
PLOT-016877,2.9055
PLOT-016671,2.4259
PLOT-015097,1.4892
PLOT-015860,0.6823
PLOT-015364,1.7249
PLOT-017091,2.4696
PLOT-015381,1.809
PLOT-018647,4.9604
PLOT-018469,2.9917
PLOT-017336,1.5417
PLOT-015028,1.7221
PLOT-016098,1.0321
PLOT-015447,5.2446
PLOT-017820,4.3014
PLOT-015820,2.7974
PLOT-018170,4.4266
PLOT-017406,3.1661
PLOT-017123,2.5306
PLOT-017638,3.7022
PLOT-017678,2.2203
PLOT-017195,1.7072
PLOT-016622,1.8698
PLOT-018173,2.2205
PLOT-015721,1.8184
PLOT-017714,1.6383
PLOT-017539,2.6272
PLOT-018397,2.4027
PLOT-017423,2.1162
PLOT-016691,1.1931
PLOT-016642,1.2125
PLOT-015779,2.4939
PLOT-017196,2.565
PLOT-016023,1.8011
PLOT-018288,0.5651
PLOT-015004,2.1606
PLOT-015428,1.3872
PLOT-016947,2.3597
PLOT-018660,2.3038
PLOT-016467,2.5377
PLOT-015516,1.1759
PLOT-017573,3.6427
PLOT-018058,3.0848
PLOT-018416,3.0941
PLOT-015350,3.3971
PLOT-016805,2.8871
PLOT-018191,2.3933
PLOT-016683,3.6451
PLOT-015660,2.5359
PLOT-018430,1.8796
PLOT-018005,0.5912
PLOT-017837,5.9798
PLOT-015899,2.5177
PLOT-017525,2.308
PLOT-017969,2.8003
PLOT-015158,1.9855
PLOT-015383,3.0773
PLOT-016721,2.2242
PLOT-018356,0.7742
PLOT-015140,5.2032
PLOT-015465,3.1072
PLOT-017766,1.8169
PLOT-018587,0.8366
PLOT-015299,2.0047
PLOT-015397,2.3076
PLOT-016615,6.1662
PLOT-015934,3.59
PLOT-015887,2.6724
PLOT-017283,2.8532
PLOT-018150,5.5856
PLOT-016922,4.4604
PLOT-016033,3.1272
PLOT-016776,4.939
PLOT-018062,3.7987
PLOT-016634,1.3444
PLOT-016048,2.8174
PLOT-018157,2.0117
PLOT-017537,3.2885
PLOT-016528,1.1728
PLOT-018120,0.9474
PLOT-015846,1.9773
PLOT-015251,4.8861
PLOT-017037,2.1176
PLOT-018669,2.0221
PLOT-015806,4.6292
PLOT-016552,1.6269
PLOT-017966,2.3085
PLOT-015715,1.0317
PLOT-015336,2.139
PLOT-016659,2.0416
PLOT-015987,4.0136
PLOT-018505,2.716
PLOT-017993,3.3702
PLOT-015195,2.336
PLOT-017732,4.2435
PLOT-017551,1.448
PLOT-016857,2.0783
PLOT-016044,1.7217
PLOT-015279,3.5549
PLOT-015096,3.9175
PLOT-016521,2.2445
PLOT-015441,5.9114
PLOT-016196,2.8773
PLOT-016812,3.2311
PLOT-016796,2.9608
PLOT-016042,2.6001
PLOT-017922,3.0473
PLOT-018247,2.1777
PLOT-017132,2.9001
PLOT-015330,1.2044
PLOT-015392,3.5498
PLOT-018601,3.3655
PLOT-018315,1.7757
PLOT-016515,4.7074
PLOT-015861,3.0082
PLOT-015745,2.4911
PLOT-018347,1.3763
PLOT-017878,1.6129
PLOT-016111,2.1985
PLOT-015327,3.6627
PLOT-016119,2.1264
PLOT-016088,3.4168
PLOT-016897,4.5259
PLOT-017958,1.0677
PLOT-018625,1.838
PLOT-018595,1.5285
PLOT-015003,2.34
PLOT-015594,3.3559
PLOT-018522,4.3991
PLOT-018290,2.331
PLOT-016490,2.8622
PLOT-018277,2.5351
PLOT-016870,1.3978
PLOT-015549,2.8739
PLOT-015556,4.5533
PLOT-016358,1.4787
PLOT-018163,2.2169
PLOT-015541,4.1603
PLOT-018433,3.5898
PLOT-015252,4.26
PLOT-015264,1.9959
PLOT-017622,0.8804
PLOT-016471,1.7919
PLOT-016234,2.6657
PLOT-018679,4.0408
PLOT-016401,0.3575
PLOT-016853,3.9766
PLOT-017094,3.9913
PLOT-015918,3.2572
PLOT-018310,1.8901
PLOT-016064,2.8659
PLOT-016533,2.3479
PLOT-017579,3.1808
PLOT-015300,4.5333
PLOT-017743,2.3064
PLOT-017326,1.9481
PLOT-018033,2.6326
PLOT-015553,2.9858
PLOT-016512,1.3306
PLOT-018260,2.2106
PLOT-015467,2.0231
PLOT-015344,2.8363
PLOT-017508,2.1203
PLOT-018654,2.5601
PLOT-018513,2.6975
PLOT-017654,4.4908
PLOT-018031,2.1761
PLOT-016417,0.4336
PLOT-017673,1.5224
PLOT-017028,3.4892
PLOT-016448,4.9527
PLOT-015166,1.5123
PLOT-016706,1.0707
PLOT-016338,3.6004
PLOT-017441,0.8068
PLOT-017307,6.7833
PLOT-018004,2.4049
PLOT-018189,2.8131
PLOT-018221,1.5906
PLOT-015439,2.5684
PLOT-017288,4.7493
PLOT-015021,2.6858
PLOT-018060,3.3931
PLOT-017401,2.3124
PLOT-016079,0.9241
PLOT-016918,0.3928
PLOT-018279,0.6808
PLOT-017215,3.5547
PLOT-017883,2.4322
PLOT-016227,4.7724
PLOT-018193,2.3837
PLOT-016650,3.111
PLOT-017073,3.53
PLOT-016213,2.065
PLOT-016544,2.0701
PLOT-016807,5.8899
PLOT-015313,4.1957
PLOT-015487,1.0676
PLOT-015229,3.8279
PLOT-017570,2.8331
PLOT-017149,4.3307
PLOT-017512,1.9712
PLOT-017415,0.8471
PLOT-017671,2.5357
PLOT-015286,1.8334
PLOT-017416,1.4873
PLOT-016698,1.1112
PLOT-017791,4.5785
PLOT-016653,3.0828
PLOT-016901,3.7678
PLOT-015810,3.9567
PLOT-016693,3.4946
PLOT-017795,3.6833
PLOT-015431,1.9084
PLOT-018618,2.1063
PLOT-017691,1.3629
PLOT-018688,2.9635
PLOT-016368,2.3058
PLOT-015620,0.9187
PLOT-017145,3.2797
PLOT-016520,4.0519
PLOT-017880,3.033
PLOT-015936,2.1469
PLOT-016205,2.7454
PLOT-016202,2.7934
PLOT-018695,1.9552
PLOT-018377,0.7648
PLOT-018578,0.8015
PLOT-015130,2.2557
PLOT-015521,2.164
PLOT-015955,6.9747
PLOT-015913,3.3582
PLOT-015859,3.459
PLOT-016854,2.4548
PLOT-016315,2.7151
PLOT-017154,3.7517
PLOT-018613,2.2921
PLOT-015127,2.0711
PLOT-015284,3.8631
PLOT-018138,3.5408
PLOT-015978,3.1741
PLOT-015623,4.4447
PLOT-018735,3.6413
PLOT-015688,2.7882
PLOT-017370,1.1088
PLOT-016366,2.7071
PLOT-017500,2.1958
PLOT-015995,1.7817
PLOT-018380,4.472
PLOT-017850,0.8367
PLOT-018112,1.0765
PLOT-017267,2.5198
PLOT-015610,3.062
PLOT-015458,2.9732
PLOT-017785,2.2057
PLOT-018676,2.9669
PLOT-017158,1.2072
PLOT-015462,2.1855
PLOT-016573,3.085
PLOT-015792,0.6987
PLOT-015504,2.5216
PLOT-015308,5.578
PLOT-017193,2.6318
PLOT-015363,4.467
PLOT-015579,1.6609
PLOT-015105,1.307
PLOT-016705,2.8492
PLOT-017862,1.561
PLOT-016132,3.086
PLOT-015507,2.2003
PLOT-017268,2.3834
PLOT-016011,2.4252
PLOT-018604,5.3422
PLOT-015946,3.0591
PLOT-018284,2.6474
PLOT-017040,0.6008
PLOT-018444,3.0557
PLOT-017206,3.2048
PLOT-016336,1.4415
PLOT-018381,0.8707
PLOT-017522,1.4925
PLOT-017613,2.974
PLOT-018439,3.9315
PLOT-015188,1.8481
PLOT-016793,4.0686
PLOT-017261,2.1642
PLOT-017657,1.4277
PLOT-017609,3.275
PLOT-017589,3.8161
PLOT-018624,1.9568
PLOT-018576,2.8719
PLOT-017635,2.4517
PLOT-018175,3.3481
PLOT-017886,3.3671
PLOT-016959,1.1249
PLOT-015976,1.8327
PLOT-016707,6.644
PLOT-017290,1.4429
PLOT-017255,1.5867
PLOT-016818,2.692
PLOT-015862,4.4233
PLOT-016173,1.2548
PLOT-016651,3.7559
PLOT-016340,5.2606
PLOT-018546,1.7547
PLOT-015281,1.1952
PLOT-016509,1.9788
PLOT-016832,1.1035
PLOT-017571,1.9019
PLOT-016115,0.7224
PLOT-015353,1.595
PLOT-016034,0.7976
PLOT-015731,4.4652
PLOT-016445,1.1734
PLOT-015702,1.4467
PLOT-018635,3.6669
PLOT-018691,1.8664
PLOT-018194,3.1469
PLOT-015160,5.5585
PLOT-018154,1.8102
PLOT-016881,3.2782
PLOT-018206,1.3937
PLOT-018742,3.315
PLOT-016678,1.6447
PLOT-016137,4.4886
PLOT-016385,2.9638
PLOT-016198,0.5295
PLOT-017237,2.2483
PLOT-015501,1.9274
PLOT-017076,1.6666
PLOT-017376,4.232
PLOT-015162,2.6437
PLOT-018700,2.682
PLOT-017152,0.7516
PLOT-017358,1.3926
PLOT-015185,1.9419
PLOT-015459,1.4258
PLOT-017057,3.1849
PLOT-017387,1.5945
PLOT-016007,2.6515
PLOT-016008,5.7272
PLOT-017588,1.6535
PLOT-018237,2.2036
PLOT-018374,5.5178
PLOT-017388,2.1387
PLOT-016890,0.925
PLOT-017270,2.0514
PLOT-016287,2.2262
PLOT-015368,2.3071
PLOT-016168,2.0365
PLOT-016402,3.0845
PLOT-016925,4.1607
PLOT-016318,2.3657
PLOT-015493,2.0283
PLOT-015231,2.6356
PLOT-017623,2.0361
PLOT-015333,1.7707
PLOT-016475,2.9852
PLOT-017882,2.3108
PLOT-015788,2.0089
PLOT-016138,2.8095
PLOT-018082,4.5705
PLOT-018131,2.7619
PLOT-017694,2.7363
PLOT-017868,1.1337
PLOT-015380,2.0509
PLOT-017554,4.4052
PLOT-017713,2.1457
PLOT-015067,4.0474
PLOT-016979,1.3863
PLOT-017271,3.1203
PLOT-016882,0.7766
PLOT-015477,2.5484
PLOT-018069,0.688
PLOT-017976,4.3155
PLOT-018048,2.8402
PLOT-016172,2.3186
PLOT-018086,0.4018
PLOT-017599,1.0504
PLOT-016281,0.9642
PLOT-015425,1.4208
PLOT-016602,0.9306
PLOT-017224,2.1421
PLOT-015207,4.2057
PLOT-016333,2.1269
PLOT-015199,2.4469
PLOT-018659,3.7558
PLOT-018556,2.7717
PLOT-016938,2.7988
PLOT-015881,3.5975
PLOT-015143,2.9667
PLOT-016772,1.2272
PLOT-016580,1.719
PLOT-018580,2.3368
PLOT-015249,1.6278
PLOT-018294,2.2023
PLOT-017392,1.9378
PLOT-016454,3.3839
PLOT-017424,3.0648
PLOT-017633,0.853
PLOT-015417,1.8385
PLOT-018569,2.1634
PLOT-017722,2.351
PLOT-017669,2.5684
PLOT-017245,3.0462
PLOT-017515,1.3796
PLOT-017357,1.9974
PLOT-017972,1.3778
PLOT-018230,1.2664
PLOT-017979,1.9613
PLOT-016128,0.8575
PLOT-016522,1.0564
PLOT-017495,2.1496
PLOT-017483,1.8864
PLOT-016485,3.2201
PLOT-016990,4.8945
PLOT-018043,5.1098
PLOT-015912,3.1098
PLOT-015326,2.6046
PLOT-017171,0.9516
PLOT-015083,1.7706
PLOT-015765,2.9534
PLOT-017422,3.4658
PLOT-017676,3.0468
PLOT-015102,1.9726
PLOT-015146,1.8009
PLOT-016133,2.3364
PLOT-018064,3.2583
PLOT-015394,2.8033
PLOT-018384,4.8562
PLOT-017217,3.5925
PLOT-017805,2.1926
PLOT-018557,3.1635
PLOT-016221,2.1363
PLOT-017317,1.8389
PLOT-017869,3.3158
PLOT-018682,4.8354
PLOT-016288,2.5034
PLOT-015321,0.5181
PLOT-015111,2.3648
PLOT-015588,3.1445
PLOT-016957,3.4
PLOT-018219,2.9426
PLOT-018705,1.5082
PLOT-018074,1.8143
PLOT-017616,0.9962
PLOT-016478,2.8552
PLOT-017397,3.2207
PLOT-015136,3.8594
PLOT-016158,3.1171
PLOT-015653,4.8033
PLOT-017391,2.6417
PLOT-017431,3.6725
PLOT-017935,4.6834
PLOT-018019,4.992
PLOT-018146,3.0493
PLOT-016047,2.586
PLOT-017661,3.9531
PLOT-017547,2.759
PLOT-016530,3.1562
PLOT-015930,0.6942
PLOT-016464,2.0441
PLOT-016875,1.7343
PLOT-015220,2.2895
PLOT-017136,4.3705
PLOT-015927,2.8397
PLOT-017463,3.7224
PLOT-016453,3.7696
PLOT-017540,1.4267
PLOT-017788,2.835
PLOT-016945,2.0183
PLOT-017684,5.7056
PLOT-015533,0.9576
PLOT-017901,4.191
PLOT-015606,1.5283
PLOT-015074,5.3357
PLOT-016764,3.4153
PLOT-015648,2.0142
PLOT-017653,2.1604
PLOT-016322,2.0971
PLOT-016576,2.6484
PLOT-017209,1.2886
PLOT-015113,2.3262
PLOT-017963,1.9396
PLOT-015986,2.3421
PLOT-018126,1.8849
PLOT-015747,2.7963
PLOT-016863,1.586
PLOT-015222,5.1855
PLOT-015518,2.2894
PLOT-016348,2.5701
PLOT-016502,1.5895
PLOT-017666,2.6729
PLOT-016665,4.0871
PLOT-016555,1.7603
PLOT-018528,3.0432
PLOT-017725,3.0065
PLOT-015035,2.0336
PLOT-015830,2.516
PLOT-017175,2.572
PLOT-017631,2.3139
PLOT-016761,2.272
PLOT-015347,0.8872
PLOT-015167,0.8935
PLOT-018253,3.7404
PLOT-015116,2.0154
PLOT-015530,3.6086
PLOT-016394,1.285
PLOT-016028,2.5584
PLOT-018599,2.5145
PLOT-017445,2.1818
PLOT-018529,3.2737
PLOT-017872,4.218
PLOT-018550,1.8575
PLOT-017659,1.0289
PLOT-017702,2.4264
PLOT-016779,2.8473
PLOT-016025,2.3005
PLOT-015081,4.3093
PLOT-017162,3.6205
PLOT-017030,1.1833
PLOT-018728,1.4597
PLOT-018180,3.8152
PLOT-016476,3.9231
PLOT-018197,0.9358
PLOT-016477,0.9963
PLOT-017510,3.101
PLOT-018582,2.0861
PLOT-016886,2.1057
PLOT-018231,2.8055
PLOT-016629,2.4612
PLOT-017464,4.0957
PLOT-015040,3.3178
PLOT-016704,3.6942
PLOT-018308,3.8044
PLOT-017859,2.6905
PLOT-015311,2.7797
PLOT-016631,2.2822
PLOT-017218,2.6559
PLOT-017067,2.9721
PLOT-016426,3.6426
PLOT-017002,1.9729
PLOT-015357,2.3697
PLOT-018473,1.9372
PLOT-018372,1.5245
PLOT-016827,1.3228
PLOT-015128,1.8701
PLOT-016009,4.5764
PLOT-016813,0.7943
PLOT-017244,3.0597
PLOT-015657,1.3381
PLOT-016246,3.2173
PLOT-018472,1.8024
PLOT-015201,2.0816
PLOT-018543,4.7895
PLOT-016421,2.2104
PLOT-018190,3.073
PLOT-017757,2.5934
PLOT-018545,2.4641
PLOT-017964,0.9356
PLOT-015593,3.6407
PLOT-015970,3.6574
PLOT-015202,1.8199
PLOT-018137,1.6283
PLOT-016974,2.1583
PLOT-017480,1.0961
PLOT-018524,1.2571
PLOT-017382,2.8748
PLOT-017252,1.5602
PLOT-016980,1.4682
PLOT-018427,1.6152
PLOT-017941,3.9635
PLOT-016187,2.274
PLOT-015351,2.6722
PLOT-016755,4.5059
PLOT-016595,1.4573
PLOT-015042,3.0439
PLOT-018026,2.6884
PLOT-016273,4.8514
PLOT-015574,1.9494
PLOT-016920,3.6083
PLOT-018224,2.3025
PLOT-015856,2.8871
PLOT-017141,3.5356
PLOT-017047,0.8738
PLOT-016808,0.8696
PLOT-018125,0.7264
PLOT-016898,5.1188
PLOT-016846,2.9022
PLOT-015875,3.691
PLOT-015103,1.2778
PLOT-017506,2.7003
PLOT-015604,1.768
PLOT-018597,1.5492
PLOT-016233,2.5243
PLOT-017959,6.124
PLOT-016433,2.1365
PLOT-015384,2.2823
PLOT-015893,4.3184
PLOT-015056,3.9671
PLOT-015711,1.9481
PLOT-018461,1.8641
PLOT-015355,3.1551
PLOT-016842,2.4798
PLOT-016018,1.479
PLOT-018645,1.3356
PLOT-015307,5.4057
PLOT-015813,1.117
PLOT-015041,1.9734
PLOT-018421,3.2891
PLOT-016405,4.8539
PLOT-016681,4.3198
PLOT-015882,2.7357
PLOT-017220,0.7855
PLOT-015698,2.3167
PLOT-017364,2.0449
PLOT-018233,2.334
PLOT-017051,4.1543
PLOT-017378,3.1471
PLOT-015215,2.8137
PLOT-017146,2.6689
PLOT-016370,2.2554
PLOT-016566,0.7184
PLOT-018702,2.8391
PLOT-017360,0.9017
PLOT-016516,1.1607
PLOT-016766,2.9755
PLOT-017452,1.5327
PLOT-016037,2.0681
PLOT-016510,2.613
PLOT-015411,3.5949
PLOT-017981,1.2196
PLOT-016301,1.5747
PLOT-016296,2.1234
PLOT-018498,2.2402
PLOT-017601,3.0738
PLOT-018566,4.0041
PLOT-015758,3.1269
PLOT-017212,3.1268
PLOT-016317,2.1199
PLOT-015073,5.0568
PLOT-015025,2.1322
PLOT-017208,3.2285
PLOT-016126,4.2077
PLOT-016139,0.9467
PLOT-015505,1.9714
PLOT-016560,2.2137
PLOT-017230,3.1522
PLOT-016120,2.4922
PLOT-018414,0.9286
PLOT-015586,1.6677
PLOT-017909,3.3868
PLOT-015611,1.7696
PLOT-016089,2.4529
PLOT-016535,3.0875
PLOT-016408,3.666
PLOT-015348,1.0754
PLOT-015885,2.6122
PLOT-018644,2.684
PLOT-018087,2.6049
PLOT-015782,5.5946
PLOT-018246,2.1064
PLOT-017458,4.1628
PLOT-015629,2.8796
PLOT-015408,3.1078
PLOT-015164,2.9623
PLOT-017957,2.2363
PLOT-016969,2.024
PLOT-016649,3.672
PLOT-017380,3.0751
PLOT-016087,2.618
PLOT-018572,1.7177
PLOT-018101,2.357
PLOT-017389,3.4689
PLOT-018709,4.0754
PLOT-016754,0.8954
PLOT-015294,1.7375
PLOT-015965,4.4717
PLOT-016822,3.3653
PLOT-018234,2.3116
PLOT-015528,4.7201
PLOT-016968,2.5883
PLOT-015027,2.2838
PLOT-017478,5.9514
PLOT-016673,4.4877
PLOT-015274,4.5269
PLOT-016072,3.4395
PLOT-016074,3.7911
PLOT-017356,0.8615
PLOT-017494,3.044
PLOT-017405,3.6989
PLOT-017774,3.4049
PLOT-015585,2.0686
PLOT-015837,2.9811
PLOT-015710,5.8823
PLOT-017819,1.7426
PLOT-016250,2.3184
PLOT-016437,2.3841
PLOT-016553,4.3117
PLOT-015816,3.8047
PLOT-018694,1.1559
PLOT-017427,7.3415
PLOT-015957,1.8565
PLOT-015302,4.1148
PLOT-018289,2.491
PLOT-018636,2.8867
PLOT-016063,3.211
PLOT-015872,2.4607
PLOT-018271,2.8079
PLOT-017861,2.3225
PLOT-017936,3.6756
PLOT-015923,2.1621
PLOT-015059,3.7297
PLOT-018014,4.2037
PLOT-018420,3.5007
PLOT-016975,2.7726
PLOT-015023,1.9579
PLOT-017474,1.4521
PLOT-015683,3.1036
PLOT-018512,4.2464
PLOT-018483,1.8115
PLOT-017056,1.2648
PLOT-015228,3.6742
PLOT-015489,2.1122
PLOT-018201,0.8873
PLOT-015829,2.0636
PLOT-017784,2.0618
PLOT-015385,5.9051
PLOT-015015,2.1413
PLOT-017399,2.9501
PLOT-018541,3.7872
PLOT-016388,2.1964
PLOT-018041,1.1756
PLOT-016588,0.8294
PLOT-018445,2.3337
PLOT-016751,1.7875
PLOT-016150,3.5357
PLOT-016304,4.2391
PLOT-016231,6.5438
PLOT-016792,2.9308
PLOT-016269,3.2085
PLOT-018474,1.5768
PLOT-015497,3.7085
PLOT-015352,2.8526
PLOT-016838,1.1967
PLOT-015001,3.0321
PLOT-015285,1.6869
PLOT-016646,2.9613
PLOT-015783,0.7493
PLOT-017462,1.124
PLOT-018321,3.7691
PLOT-015068,2.8749
PLOT-015403,3.2353
PLOT-015797,1.4403
PLOT-018725,2.8995
PLOT-018021,2.3315
PLOT-017023,3.992
PLOT-015177,1.4225
PLOT-015953,1.6001
PLOT-017139,3.1196
PLOT-016200,2.7923
PLOT-017843,2.1885
PLOT-017300,1.5295
PLOT-016756,2.1399
PLOT-016577,4.0104
PLOT-017241,3.0212
PLOT-017852,3.1081
PLOT-016507,2.0746
PLOT-016497,3.4541
PLOT-017688,5.2764
PLOT-015538,1.4991
PLOT-016330,1.8227
PLOT-018207,2.8821
PLOT-018459,5.0581
PLOT-016488,3.7823
PLOT-017018,2.5218
PLOT-016744,2.7575
PLOT-017920,1.1124
PLOT-017408,2.909
PLOT-018431,1.3267
PLOT-018563,4.161
PLOT-018596,6.5449
PLOT-015948,2.3329
PLOT-015510,2.722
PLOT-016393,1.1586
PLOT-016508,5.7784
PLOT-017398,3.79
PLOT-017808,2.8794
PLOT-016331,1.6536
PLOT-016309,4.9985
PLOT-018002,1.3392
PLOT-017396,1.6091
PLOT-017420,1.7096
PLOT-017544,3.7485
PLOT-017354,1.375
PLOT-017608,2.7139
PLOT-015663,4.5492
PLOT-015573,2.1035
PLOT-017896,2.2412
PLOT-017372,2.9914
PLOT-018265,2.0662
PLOT-018151,2.9577
PLOT-017485,5.6726
PLOT-017187,2.3944
PLOT-017584,4.142
PLOT-017045,3.461
PLOT-015282,4.2785
PLOT-015258,2.8629
PLOT-016811,2.2445
PLOT-016797,2.1817
PLOT-017604,4.1672
PLOT-015725,3.8088
PLOT-016636,2.0768
PLOT-015677,1.7933
PLOT-017489,2.4904
PLOT-016152,4.0779
PLOT-016346,4.497
PLOT-015055,3.2841
PLOT-017773,2.1915
PLOT-016411,2.7266
PLOT-017755,1.4363
PLOT-017214,2.8314
PLOT-018583,2.5925
PLOT-016361,2.8853
PLOT-015888,2.3437
PLOT-018001,4.2189
PLOT-016819,3.3012
PLOT-016972,0.6837
PLOT-015714,3.3331
PLOT-018405,1.9946
PLOT-016056,3.9841
PLOT-017286,2.5363
PLOT-017207,0.9391
PLOT-015617,0.8344
PLOT-015123,3.3411
PLOT-018205,3.3652
PLOT-015334,3.1432
PLOT-017816,4.0935
PLOT-015304,5.0421
PLOT-015980,2.578
PLOT-018329,2.0179
PLOT-015581,3.5676
PLOT-016616,3.5688
PLOT-016194,1.6823
PLOT-016824,1.2388
PLOT-016879,2.6413
PLOT-016981,3.6192
PLOT-016861,1.7547
PLOT-016350,0.6912
PLOT-015409,2.7189
PLOT-015675,1.1833
PLOT-015297,2.5159
PLOT-015925,0.1
PLOT-015022,2.7863
PLOT-018000,5.867
PLOT-017479,3.4133
PLOT-015728,5.2675
PLOT-016307,2.7522
PLOT-015671,1.9913
PLOT-016672,3.1925
PLOT-016199,1.9694
PLOT-018717,4.5212
PLOT-018652,3.1368
PLOT-015293,4.0884
PLOT-018730,0.7966
PLOT-015126,3.0722
PLOT-017247,3.5605
PLOT-017578,0.8321
PLOT-017467,2.465
PLOT-015692,2.7438
PLOT-015686,2.6585
PLOT-015817,3.5046
PLOT-015216,3.5157
PLOT-015152,4.9602
PLOT-017999,3.9502
PLOT-016992,2.8788
PLOT-017605,3.5834
PLOT-017008,2.3638
PLOT-015478,3.5896
PLOT-016282,2.1987
PLOT-016604,4.5875
PLOT-017518,1.6397
PLOT-016666,3.0472
PLOT-017962,4.6577
PLOT-015812,2.5495
PLOT-015250,2.0388
PLOT-015843,2.8906
PLOT-017125,2.086
PLOT-017857,2.2179
PLOT-018640,3.0987
PLOT-015967,1.6869
PLOT-017885,2.789
PLOT-015972,2.6046
PLOT-016896,1.8507
PLOT-017235,0.6361
PLOT-015246,2.8878
PLOT-017203,2.0654
PLOT-018641,2.0818
PLOT-018307,1.8123
PLOT-018379,2.7955
PLOT-017331,4.0462
PLOT-018744,0.2263
PLOT-017585,4.0372
PLOT-018272,2.4395
PLOT-016505,1.841
PLOT-016345,4.5031
PLOT-018091,0.8984
PLOT-015975,2.9615
PLOT-017686,1.8558
PLOT-016645,3.0717
PLOT-016679,2.185
PLOT-017697,2.6193
PLOT-015122,1.6234
PLOT-016534,4.5957
PLOT-018044,0.4031
PLOT-018169,2.7079
PLOT-017967,4.2506
PLOT-017100,3.984
PLOT-015869,3.7786
PLOT-018646,2.0893
PLOT-016030,5.2711
PLOT-015756,4.1081
PLOT-016998,2.9887
PLOT-016156,1.3948
PLOT-017115,3.3549
PLOT-017817,2.911
PLOT-015332,3.148
PLOT-016592,2.3864
PLOT-017384,3.076
PLOT-016575,2.8185
PLOT-017683,2.4834
PLOT-015472,2.0891
PLOT-015901,2.5028
PLOT-015865,2.5005
PLOT-016329,4.8819
PLOT-016342,3.9215
PLOT-015741,2.3824
PLOT-018478,1.9044
PLOT-018291,3.2496
PLOT-017180,2.6108
PLOT-018484,4.5251
PLOT-017562,1.6137
PLOT-016628,3.891
PLOT-017806,3.2906
PLOT-017438,4.9506
PLOT-016149,2.7768
PLOT-018045,1.8235
PLOT-018164,3.0379
PLOT-015256,4.6189
PLOT-015633,3.3437
PLOT-017337,1.6821
PLOT-018009,1.6183
PLOT-015777,4.1926
PLOT-017953,0.946
PLOT-017101,1.7911
PLOT-015557,0.9145
PLOT-018481,3.6795
PLOT-016985,2.2593
PLOT-017088,3.709
PLOT-015261,2.843
PLOT-017131,2.3439
PLOT-018011,4.0054
PLOT-018040,3.3276
PLOT-016889,3.0129
PLOT-017532,4.6799
PLOT-017078,1.9157
PLOT-018034,4.7569
PLOT-018436,1.2395
PLOT-015208,2.5158
PLOT-018349,1.4557
PLOT-016913,2.9394
PLOT-016606,3.273
PLOT-016020,1.0598
PLOT-018348,3.3358
PLOT-016403,3.6706
PLOT-017555,5.7082
PLOT-017096,1.2127
PLOT-015209,1.076
PLOT-015153,1.948
PLOT-017881,2.3795
PLOT-016590,2.8468
PLOT-017442,3.5614
PLOT-016147,3.4559
PLOT-016967,2.4822
PLOT-017316,1.2158
PLOT-017433,1.7721
PLOT-016633,2.1556
PLOT-017089,3.3158
PLOT-015597,3.7424
PLOT-016931,4.6598
PLOT-016656,3.1083
PLOT-015680,2.2278
PLOT-016565,2.4752
PLOT-018275,2.8004
PLOT-016328,3.0375
PLOT-017087,2.4695
PLOT-017753,2.6994
PLOT-016518,3.1181
PLOT-017287,2.1425
PLOT-018713,3.9975
PLOT-015221,3.7579
PLOT-015225,1.7265
PLOT-018577,4.0096
PLOT-018166,5.1293
PLOT-017517,3.602
PLOT-017642,2.0896
PLOT-017393,3.3789
PLOT-016760,3.1211
PLOT-016360,2.1171
PLOT-017324,2.4358
PLOT-018155,5.2355
PLOT-017802,3.1812
PLOT-016492,5.0783
PLOT-017744,1.3377
PLOT-017763,0.8435
PLOT-017009,3.8831
PLOT-015205,3.1182
PLOT-016027,2.0094
PLOT-018540,3.3849
PLOT-017596,1.4585
PLOT-016046,3.1815
PLOT-015693,3.8194
PLOT-017956,3.7979
PLOT-018549,1.4826
PLOT-016186,3.6003
PLOT-016369,2.9341
PLOT-016907,3.2005
PLOT-017726,0.9635
PLOT-015016,1.6133
PLOT-017514,1.4416
PLOT-017205,2.2128
PLOT-018729,1.8792
PLOT-016676,1.0795
PLOT-016184,4.8874
PLOT-017353,2.3124
PLOT-015656,2.76
PLOT-016571,2.4941
PLOT-016737,3.9004
PLOT-016419,2.1065
PLOT-015399,2.6732
PLOT-015618,3.2639
PLOT-015508,0.6539
PLOT-018106,4.4953
PLOT-018437,2.9203
PLOT-017960,3.6196
PLOT-015867,5.1831
PLOT-017507,2.5055
PLOT-015886,2.55
PLOT-017110,3.0163
PLOT-015599,4.9702
PLOT-017658,3.8121
PLOT-015457,1.8133
PLOT-017618,1.2727
PLOT-016117,2.7127
PLOT-015870,3.9235
PLOT-015790,2.5514
PLOT-017260,2.6564
PLOT-015954,1.0053
PLOT-015650,4.6277
PLOT-015733,2.3931
PLOT-018533,3.3532
PLOT-015379,1.5817
PLOT-017612,1.7299
PLOT-018030,2.777
PLOT-015956,2.8736
PLOT-015171,2.177
PLOT-016944,2.84
PLOT-017279,2.901
PLOT-015659,2.9491
PLOT-017430,3.3011
PLOT-017528,0.6709
PLOT-017120,1.9869
PLOT-016094,1.6664
PLOT-018068,3.3327
PLOT-018707,2.0113
PLOT-017219,2.688
PLOT-015642,2.0805
PLOT-015168,2.3109
PLOT-016517,3.2684
PLOT-016800,3.9991
PLOT-017682,2.7068
PLOT-016917,2.6596
PLOT-015272,4.8793
PLOT-016215,3.5912
PLOT-017468,2.7021
PLOT-016118,2.6057
PLOT-018098,5.7388
PLOT-018350,2.1314
PLOT-016066,3.1539
PLOT-017104,2.791
PLOT-017792,4.0763
PLOT-017877,1.8056
PLOT-016912,2.635
PLOT-015038,3.7699
PLOT-015306,3.8731
PLOT-015006,1.6984
PLOT-017456,3.6614
PLOT-015781,3.0947
PLOT-016190,1.6715
PLOT-015534,2.3625
PLOT-015583,3.7523
PLOT-017980,2.2498
PLOT-018671,2.7858
PLOT-018168,4.7552
PLOT-018440,5.2656
PLOT-017750,3.51
PLOT-015316,4.2238
PLOT-017197,3.6171
PLOT-017414,1.2766
PLOT-017564,4.2456
PLOT-016794,1.9426
PLOT-017581,3.016
PLOT-017708,4.029
PLOT-015271,2.6519
PLOT-015548,2.4692
PLOT-016692,4.6791
PLOT-016719,2.89
PLOT-018451,2.0897
PLOT-018464,1.8309
PLOT-017390,5.3277
PLOT-015598,2.0112
PLOT-016689,2.8444
PLOT-015894,3.2263
PLOT-018733,2.15
PLOT-016775,5.8029
PLOT-015570,1.3665
PLOT-016999,0.9916
PLOT-017122,0.8669
PLOT-015061,2.3221
PLOT-016247,2.3246
PLOT-018748,5.5788
PLOT-016259,2.5863
PLOT-015809,1.8098
PLOT-017292,3.5889
PLOT-016049,0.9029
PLOT-018454,2.8256
PLOT-015107,3.128
PLOT-017153,3.6623
PLOT-015673,1.9827
PLOT-017690,1.3454
PLOT-017995,3.8662
PLOT-015665,4.0222
PLOT-015509,3.0719
PLOT-017179,3.034
PLOT-016640,1.2973
PLOT-017492,2.2402
PLOT-018303,2.9815
PLOT-016532,3.1681
PLOT-015866,3.0626
PLOT-016855,5.9341
PLOT-016736,1.0898
PLOT-016060,3.8311
PLOT-018536,4.4323
PLOT-017105,3.0724
PLOT-018419,0.8842
PLOT-016973,1.1089
PLOT-015589,1.9
PLOT-017996,5.6327
PLOT-018263,2.9992
PLOT-015086,4.9529
PLOT-018615,0.6959
PLOT-015771,2.9475
PLOT-017954,4.3154
PLOT-016249,3.0774
PLOT-015708,5.1768
PLOT-017472,3.6979
PLOT-017985,2.1467
PLOT-018316,1.2017
PLOT-017586,1.8059
PLOT-016860,1.8484
PLOT-018181,3.083
PLOT-017128,2.3958
PLOT-018305,1.98
PLOT-018177,2.2553
PLOT-015418,2.4575
PLOT-016461,2.1718
PLOT-016484,2.0625
PLOT-018609,5.661
PLOT-018465,2.6925
PLOT-018600,3.0243
PLOT-015851,3.8881
PLOT-016004,4.0088
PLOT-016996,2.6202
PLOT-016834,3.1841
PLOT-017947,2.7208
PLOT-015436,1.9674
PLOT-016316,4.787
PLOT-016623,3.4179
PLOT-016480,3.8128
PLOT-016648,2.2902
PLOT-016003,3.077
PLOT-016278,2.0857
PLOT-016823,2.6375
PLOT-018029,3.5014
PLOT-018602,0.8772
PLOT-016836,1.731
PLOT-018554,4.2646
PLOT-017352,2.3389
PLOT-017282,1.8125
PLOT-016546,2.1053
PLOT-015335,3.4059
PLOT-017617,4.1419
PLOT-015088,2.111
PLOT-015874,2.129
PLOT-018285,6.3924
PLOT-015543,2.5646
PLOT-016241,2.3333
PLOT-017760,4.4491
PLOT-016880,4.3389
PLOT-018611,4.9281
PLOT-018111,3.035
PLOT-017269,2.404
PLOT-015319,2.8323
PLOT-015519,0.8766
PLOT-017903,1.5084
PLOT-015878,1.8265
PLOT-018561,2.5743
PLOT-015825,2.5958
PLOT-016290,1.0183
PLOT-018210,2.8881
PLOT-018333,1.006
PLOT-015138,3.101
PLOT-015163,5.0744
PLOT-016618,2.3638
PLOT-018539,6.3512
PLOT-016791,2.0343
PLOT-016045,1.6219
PLOT-015960,2.2582
PLOT-016750,3.4111
PLOT-018212,1.8447
PLOT-017830,2.4414
PLOT-016504,4.2711
PLOT-017889,2.1581
PLOT-018692,2.2057
PLOT-016059,1.8177
PLOT-017681,4.2008
PLOT-018409,0.856
PLOT-015655,1.9822
PLOT-017064,0.5743
PLOT-018603,4.1961
PLOT-015137,0.939
PLOT-017946,1.3351
PLOT-016976,0.999
PLOT-016581,2.0885
PLOT-015697,3.676
PLOT-016097,2.9885
PLOT-017836,2.3363
PLOT-018268,1.0179
PLOT-017453,3.8073
PLOT-017496,2.0539
PLOT-016392,2.6554
PLOT-018655,3.5916
PLOT-016266,1.4729
PLOT-017375,2.4951
PLOT-017365,1.9134
PLOT-015135,1.3874
PLOT-016169,1.7426
PLOT-017574,2.612
PLOT-017135,3.3829
PLOT-016503,1.8137
PLOT-016362,2.5129
PLOT-017998,2.2355
PLOT-015148,4.6983
PLOT-015303,2.9126
PLOT-016017,0.763
PLOT-016924,1.3055
PLOT-016052,4.6017
PLOT-018423,2.1557
PLOT-017413,3.956
PLOT-017637,3.0969
PLOT-018262,1.8028
PLOT-016904,3.0031
PLOT-018254,2.7315
PLOT-015198,3.313
PLOT-016768,3.1468
PLOT-017240,2.5295
PLOT-015404,2.8135
PLOT-018328,2.3736
PLOT-018743,2.7216
PLOT-015483,2.508
PLOT-016182,1.9138
PLOT-016339,3.208
PLOT-016280,3.2444
PLOT-016031,3.338
PLOT-015791,4.2521
PLOT-015799,5.1003
PLOT-017432,2.2729
PLOT-017798,3.4802
PLOT-016201,4.5673
PLOT-015422,4.3019
PLOT-017362,1.393
PLOT-018716,5.6595
PLOT-016883,3.8331
PLOT-018684,0.2699
PLOT-016479,4.0602
PLOT-017591,2.1278
PLOT-016928,0.9072
PLOT-017710,2.3338
PLOT-018147,2.9763
PLOT-016529,4.5173
PLOT-015902,2.3534
PLOT-017809,3.1678
PLOT-015685,5.107
PLOT-016551,4.0743
PLOT-018438,0.8024
PLOT-015159,1.1392
PLOT-015999,1.6362
PLOT-018056,2.5653
PLOT-018535,2.8754
PLOT-017250,5.1144
PLOT-017689,1.4742
PLOT-015112,0.6675
PLOT-018567,2.9396
PLOT-016446,2.1598
PLOT-016952,3.5756
PLOT-015922,3.5422
PLOT-016624,6.4809
PLOT-018228,0.5886
PLOT-017853,2.8873
PLOT-016319,1.6918
PLOT-016663,2.9691
PLOT-015815,3.0024
PLOT-018095,1.2716
PLOT-017266,2.3757
PLOT-016473,2.8063
PLOT-016773,2.27
PLOT-015679,2.1828
PLOT-018199,1.2927
PLOT-016093,3.4781
PLOT-015080,0.7831
PLOT-016950,1.137
PLOT-018519,1.4178
PLOT-018075,0.9767
PLOT-018280,4.2752
PLOT-017800,1.6411
PLOT-016239,4.4231
PLOT-015329,2.7195
PLOT-015242,2.8732
PLOT-018073,3.8592
PLOT-015641,0.8271
PLOT-015696,4.4521
PLOT-017257,0.9159
PLOT-017818,2.6242
PLOT-015753,2.527
PLOT-015435,1.8581
PLOT-016563,2.2694
PLOT-016934,1.455
PLOT-018457,3.1087
PLOT-016712,2.9798
PLOT-015551,1.4812
PLOT-018127,2.8363
PLOT-018255,5.0652
PLOT-015601,2.4465
PLOT-016964,1.1833
PLOT-016013,1.5726
PLOT-018204,4.0048
PLOT-016427,1.6406
PLOT-017012,2.2743
PLOT-016386,4.6397
PLOT-016295,4.4383
PLOT-015466,3.8721
PLOT-016499,4.496
PLOT-018218,0.9237
PLOT-018670,4.414
PLOT-015277,2.202
PLOT-016069,1.9201
PLOT-016548,1.0751
PLOT-016024,1.5379
PLOT-016465,3.3945
PLOT-017770,1.5835
PLOT-015940,1.863
PLOT-017834,4.6348
PLOT-018297,1.0464
PLOT-016466,2.3533
PLOT-016323,2.778
PLOT-017675,2.2411
PLOT-016399,5.4803
PLOT-018099,3.7304
PLOT-016449,1.6921
PLOT-015906,3.4468
PLOT-018352,1.5684
PLOT-017611,2.9585
PLOT-016895,3.5893
PLOT-015388,3.7625
PLOT-017070,3.2904
PLOT-017943,3.3456
PLOT-017172,3.0767
PLOT-017968,3.8004
PLOT-017821,3.4068
PLOT-015880,2.0543
PLOT-018425,1.2436
PLOT-015050,3.7213
PLOT-016887,1.2117
PLOT-016702,1.6012
PLOT-018359,3.8236
PLOT-015133,1.775
PLOT-016105,3.0785
PLOT-015703,2.7617
PLOT-015482,5.1893
PLOT-016145,3.3103
PLOT-017038,4.986
PLOT-018673,1.4063
PLOT-015066,2.3273
PLOT-018479,1.3726
PLOT-017781,3.1541
PLOT-017313,2.0495
PLOT-017849,1.6102
PLOT-018351,5.1914
PLOT-015907,3.4748
PLOT-015031,3.7746
PLOT-017465,2.0949
PLOT-017929,3.5867
PLOT-017680,6.7936
PLOT-018551,3.4411
PLOT-015010,1.6018
PLOT-015064,0.9907
PLOT-015776,4.0577
PLOT-015077,3.5551
PLOT-015491,2.5183
PLOT-018145,0.9387
PLOT-018273,4.123
PLOT-017580,5.518
PLOT-017113,3.3476
PLOT-018453,0.7026
PLOT-017344,3.8992
PLOT-015591,1.3453
PLOT-017815,1.2295
PLOT-016285,0.9359
PLOT-018269,3.9605
PLOT-015724,3.5229
PLOT-017674,3.8143
PLOT-018142,4.71
PLOT-018708,0.9995
PLOT-016212,2.1457
PLOT-018643,3.5556
PLOT-017299,3.2271
PLOT-018223,1.9399
PLOT-016637,2.6627
PLOT-018581,3.9488
PLOT-018574,5.102
PLOT-018665,4.3347
PLOT-015982,1.9319
PLOT-015706,1.7143
PLOT-017535,3.3956
PLOT-016687,0.5172
PLOT-018388,4.3656
PLOT-015273,1.3701
PLOT-016709,3.6043
PLOT-018249,3.4795
PLOT-018429,5.7093
PLOT-015963,2.237
PLOT-017925,1.6361
PLOT-018136,2.6053
PLOT-018573,0.6568
PLOT-018706,1.2402
PLOT-017459,2.4173
PLOT-018327,2.7075
PLOT-018192,4.0261
PLOT-016452,3.0037
PLOT-017715,0.487
PLOT-015149,2.5803
PLOT-017692,2.0515
PLOT-017767,2.5124
PLOT-016757,4.2887
PLOT-015218,3.1715
PLOT-015239,2.2184
PLOT-016131,3.2325
PLOT-018390,3.4073
PLOT-017840,3.6514
PLOT-017239,4.2081
PLOT-017381,1.9627
PLOT-016253,2.7747
PLOT-016053,3.0597
PLOT-018010,2.8959
PLOT-016668,2.9784
PLOT-018178,2.4798
PLOT-018712,2.1498
PLOT-016357,1.7293
PLOT-015775,3.2434
PLOT-017630,2.067
PLOT-017832,2.927
PLOT-018274,2.308
PLOT-015839,3.6548
PLOT-015627,1.8237
PLOT-015323,1.435
PLOT-018402,2.0712
PLOT-018675,1.1629
PLOT-016867,3.5618
PLOT-016160,2.3495
PLOT-017826,1.664
PLOT-016076,1.785
PLOT-017987,0.8749
PLOT-015437,3.3902
PLOT-015119,4.1294
PLOT-018306,2.6793
PLOT-018089,2.2089
PLOT-018314,3.2118
PLOT-016814,3.6951
PLOT-016839,3.6123
PLOT-016026,2.8767
PLOT-015076,2.4643
PLOT-015900,1.5206
PLOT-015371,3.4432
PLOT-016204,3.6891
PLOT-018186,2.8295
PLOT-018736,5.297
PLOT-015941,3.562
PLOT-017625,3.5026
PLOT-017867,1.5846
PLOT-015552,1.4352
PLOT-015406,3.7337
PLOT-017117,2.4092
PLOT-016613,2.3997
PLOT-017934,1.072
PLOT-015968,1.9587
PLOT-017833,3.7029
PLOT-018293,1.2734
PLOT-018367,3.7977
PLOT-017349,1.8462
PLOT-016746,3.5444
PLOT-015689,2.2342
PLOT-017860,2.581
PLOT-016738,2.3275
PLOT-015236,4.4047
PLOT-018592,7.3839
PLOT-016986,2.5286
PLOT-016983,2.8312
PLOT-017842,3.1143
PLOT-015499,1.3995
PLOT-015822,0.9169
PLOT-015794,2.9941
PLOT-018278,2.7656
PLOT-015990,1.8452
PLOT-015567,2.9104
PLOT-017982,2.7447
PLOT-017435,2.6581
PLOT-015390,3.1503
PLOT-015743,4.5615
PLOT-017400,2.1958
PLOT-016217,4.3816
PLOT-015235,3.3427
PLOT-018467,5.463
PLOT-015480,3.5138
PLOT-017042,1.1345
PLOT-017615,2.3359
PLOT-016677,1.1443
PLOT-018442,1.247
PLOT-018626,2.6751
PLOT-018241,0.7236
PLOT-018318,2.7716
PLOT-015120,1.0937
PLOT-018487,3.877
PLOT-018072,2.4081
PLOT-016272,3.4086
PLOT-015926,6.2998
PLOT-017563,4.2529
PLOT-016594,2.2737
PLOT-015223,3.2829
PLOT-015766,6.199
PLOT-015613,0.6124
PLOT-017891,3.8698
PLOT-016245,3.9042
PLOT-016540,0.9313
PLOT-015052,0.7063
PLOT-015529,3.9377
PLOT-017533,2.9765
PLOT-016899,2.1941
PLOT-018677,2.776
PLOT-015818,2.0712
PLOT-015155,3.4798
PLOT-017648,1.3077
PLOT-018612,2.8079
PLOT-015248,4.0377
PLOT-015761,1.3498
PLOT-016894,3.9467
PLOT-017029,3.4771
PLOT-018589,3.4284
PLOT-016130,1.9827
PLOT-015542,2.8001
PLOT-015793,3.2788
PLOT-016725,2.1888
PLOT-018200,3.1377
PLOT-015628,1.9478
PLOT-017198,5.399
PLOT-018401,5.337
PLOT-017339,3.1795
PLOT-017429,2.8275
PLOT-018579,1.8678
PLOT-017734,5.1001
PLOT-016367,4.7171
PLOT-016620,3.483
PLOT-017945,3.1543
PLOT-018500,2.7994
PLOT-017902,5.0172
PLOT-016071,4.8641
PLOT-015554,3.1727
PLOT-016828,3.7277
PLOT-015826,4.1151
PLOT-016984,3.065
PLOT-018450,1.574
PLOT-016837,4.1975
PLOT-017939,6.9814
PLOT-015535,4.3284
PLOT-018361,1.4919
PLOT-017663,5.2595
PLOT-015154,3.4212
PLOT-018238,3.5895
PLOT-018149,2.3234
PLOT-017952,4.1179
PLOT-018538,3.5377
PLOT-015322,4.6511
PLOT-016710,2.3931
PLOT-015014,3.8749
PLOT-016798,1.5926
PLOT-018542,2.9733
PLOT-015082,3.9635
PLOT-017560,2.0358
PLOT-016943,2.1582
PLOT-016988,1.526
PLOT-017672,4.6835
PLOT-016383,3.8435
PLOT-016574,4.0868
PLOT-017977,3.172
PLOT-018392,2.311
PLOT-017058,2.5303
PLOT-018617,2.3382
PLOT-016494,2.2572
PLOT-015831,3.9991
PLOT-017080,1.7611
PLOT-016174,5.0786
PLOT-015413,3.3221
PLOT-017628,6.1187
PLOT-016817,3.6122
PLOT-015165,2.6207
PLOT-018236,0.8332
PLOT-018667,4.5604
PLOT-015614,3.9211
PLOT-018093,2.6765
PLOT-016014,3.0543
PLOT-017137,2.7462
PLOT-018462,2.7467
PLOT-018452,0.8782
PLOT-017649,2.3307
PLOT-016237,1.115
PLOT-017181,1.8127
PLOT-015555,2.8053
PLOT-018079,1.3412
PLOT-018320,4.0737
PLOT-017368,2.7981
PLOT-018530,0.7765
PLOT-016211,2.7884
PLOT-018499,0.6985
PLOT-015634,4.4867
PLOT-017600,2.8145
PLOT-016055,3.3649
PLOT-017340,3.9476
PLOT-016708,2.5889
PLOT-015796,2.2553
PLOT-017990,5.5078
PLOT-018471,1.828
PLOT-015174,1.0173
PLOT-017814,2.2933
PLOT-015245,3.2666
PLOT-016080,3.1705
PLOT-016654,4.138
PLOT-018711,3.1043
PLOT-015144,3.8344
PLOT-015145,4.8266
PLOT-015090,1.0478
PLOT-015682,1.1294
PLOT-015310,1.7513
PLOT-015093,1.3391
PLOT-018322,1.8863
PLOT-016956,2.5662
PLOT-015924,5.8537
PLOT-018448,4.134
PLOT-016909,1.4548
PLOT-016035,7.9089
PLOT-016400,1.7202
PLOT-017291,3.7344
PLOT-016500,2.8006
PLOT-018159,2.5235
PLOT-017262,3.2652
PLOT-016468,1.0552
PLOT-015998,1.9525
PLOT-015853,3.2807
PLOT-017473,0.936
PLOT-017204,6.7125
PLOT-016142,1.9678
PLOT-016143,2.6366
PLOT-017274,0.506
PLOT-017944,3.6364
PLOT-017048,3.4296
PLOT-015401,2.5552
PLOT-016103,3.1271
PLOT-015084,5.2738
PLOT-017210,2.0843
PLOT-018620,1.2478
PLOT-015114,2.4345
PLOT-017718,2.8513
PLOT-018222,1.9596
PLOT-018276,5.4743
PLOT-016585,3.4898
PLOT-016567,2.012
PLOT-017937,2.9716
PLOT-016501,2.0277
PLOT-016660,4.2801
PLOT-016556,2.9133
PLOT-017007,1.3952
PLOT-015625,3.4562
PLOT-016885,1.1035
PLOT-018722,4.5916
PLOT-016866,3.6006
PLOT-015952,3.9348
PLOT-017855,3.8218
PLOT-017306,1.0255
PLOT-015624,1.7676
PLOT-017874,2.4184
PLOT-015234,4.2673
PLOT-017183,2.3721
PLOT-017664,4.5295
PLOT-018267,2.3407
PLOT-017884,3.1959
PLOT-017890,1.8609
PLOT-017034,1.1992
PLOT-018007,3.1221
PLOT-016826,4.3512
PLOT-018571,2.0073
PLOT-017640,3.011
PLOT-016314,1.0128
PLOT-016525,4.1377
PLOT-016562,2.651
PLOT-016752,2.1199
PLOT-016605,5.4797
PLOT-015343,2.1042
PLOT-018726,1.4944
PLOT-017341,2.0769
PLOT-017412,4.4746
PLOT-017226,1.6875
PLOT-017707,4.8632
PLOT-015996,3.0814
PLOT-017062,2.5808
PLOT-016110,1.132
PLOT-017213,1.9063
PLOT-018203,0.7295
PLOT-016359,3.6026
PLOT-017107,1.783
PLOT-015709,4.2863
PLOT-016878,1.2622
PLOT-017724,4.7183
PLOT-016378,3.2821
PLOT-017828,2.4997
PLOT-015424,2.999
PLOT-015292,4.3188
PLOT-016065,5.1812
PLOT-017921,5.9311
PLOT-017377,2.5475
PLOT-016638,2.9803
PLOT-017477,2.6854
PLOT-016012,2.0081
PLOT-017127,2.7741
PLOT-016717,2.7048
PLOT-018100,4.6219
PLOT-015937,1.9892
PLOT-015834,1.3246
PLOT-017797,1.6036
PLOT-017938,2.6293
PLOT-015254,2.9193
PLOT-018495,3.2255
PLOT-016482,3.2572
PLOT-018721,2.1817
PLOT-016407,1.8392
PLOT-018156,3.0613
PLOT-018649,2.1068
PLOT-017184,2.6046
PLOT-018183,2.9877
PLOT-018266,1.7447
PLOT-017900,2.0383
PLOT-018250,3.8683
PLOT-015723,5.3073
PLOT-017907,2.5287
PLOT-015969,4.5059
PLOT-015496,1.8393
PLOT-015950,1.4796
PLOT-015805,1.9267
PLOT-016829,2.4318
PLOT-017177,0.634
PLOT-016739,2.2146
PLOT-015337,1.43
PLOT-015730,2.3449
PLOT-015608,0.5716
PLOT-016148,3.4282
PLOT-017243,0.7283
PLOT-018298,0.879
PLOT-016713,3.8825
PLOT-018340,0.8603
PLOT-018738,2.3855
PLOT-015909,2.4586
PLOT-017632,3.2946
PLOT-017151,2.3362
PLOT-017010,2.1604
PLOT-017491,3.1506
PLOT-018631,2.8378
PLOT-016810,3.552
PLOT-016994,0.9385
PLOT-015719,2.6268
PLOT-017932,1.927
PLOT-017824,1.025
PLOT-016569,2.203
PLOT-017897,2.2683
PLOT-017942,0.576
PLOT-017275,2.4604
PLOT-015434,1.9526
PLOT-016299,2.0101
PLOT-017174,3.2963
PLOT-015405,2.1202
PLOT-017823,2.8895
PLOT-015821,3.464
PLOT-017759,1.4817
PLOT-016789,1.6438
PLOT-018674,4.2286
PLOT-018108,2.7919
PLOT-018211,4.5487
PLOT-017351,2.0581
PLOT-017315,1.6622
PLOT-016858,5.4028
PLOT-016557,1.9611
PLOT-015545,2.813
PLOT-015212,2.6758
PLOT-015896,4.17
PLOT-018270,2.092
PLOT-016941,2.4557
PLOT-016891,3.4915
PLOT-015916,3.2438
PLOT-017723,2.3836
PLOT-016289,1.1084
PLOT-015814,5.3672
PLOT-016265,1.5024
PLOT-015342,1.4962
PLOT-017597,2.8398
PLOT-016410,3.0547
PLOT-016214,3.1531
PLOT-015966,4.6854
PLOT-016230,3.3235
PLOT-017343,2.3245
PLOT-015695,3.0279
PLOT-017121,2.6472
PLOT-015605,3.4814
PLOT-015104,2.8754
PLOT-015645,2.1318
PLOT-016404,2.6436
PLOT-015494,2.384
PLOT-018088,2.2085
PLOT-017487,2.9718
PLOT-016019,3.9366
PLOT-015091,4.9482
PLOT-016112,2.6213
PLOT-018741,3.8262
PLOT-015908,2.4222
PLOT-016474,3.2118
PLOT-016741,3.2117
PLOT-017150,1.9256
PLOT-015238,3.0627
PLOT-018466,2.8068
PLOT-015942,2.5965
PLOT-016270,2.4814
PLOT-015938,1.9907
PLOT-016424,4.8658
PLOT-018229,0.8179
PLOT-016862,1.9325
PLOT-016669,2.3577
PLOT-015005,1.6803
PLOT-015247,3.2963
PLOT-018013,4.1512
PLOT-015018,2.1556
PLOT-017169,2.0067
PLOT-016970,2.4463
PLOT-017709,1.9996
PLOT-017232,3.3873
PLOT-017322,1.1989
PLOT-017481,4.4993
PLOT-015811,2.1664
PLOT-016300,1.4569
PLOT-016335,1.5269
PLOT-018632,3.7175
PLOT-015260,3.3587
PLOT-016804,3.3673
PLOT-016570,3.6893
PLOT-017229,4.1247
PLOT-015184,0.9224
PLOT-017454,3.3885
PLOT-016743,2.6368
PLOT-017913,2.7939
PLOT-016630,3.3844
PLOT-016716,0.9949
PLOT-015520,1.2349
PLOT-018051,3.163
PLOT-017428,3.1389
PLOT-017016,5.2667
PLOT-016658,3.63
PLOT-018441,3.9334
PLOT-016612,2.1297
PLOT-017475,1.8732
PLOT-017126,4.3237
PLOT-018057,0.9108
PLOT-018734,2.8584
PLOT-015607,7.533
PLOT-015230,3.8296
PLOT-018140,1.1815
PLOT-015331,2.0154
PLOT-018105,1.3526
PLOT-016440,2.2951
PLOT-016927,2.1812
PLOT-016091,1.4974
PLOT-016101,4.1061
PLOT-016129,3.486
PLOT-018283,2.1136
PLOT-015461,1.7759
PLOT-015958,1.588
PLOT-016662,1.6595
PLOT-015559,2.5687
PLOT-017894,4.2645
PLOT-017738,0.6217
PLOT-018526,2.4785
PLOT-016519,1.2882
PLOT-017140,3.2862
PLOT-018630,2.3046
PLOT-017032,4.9686
PLOT-017484,2.7656
PLOT-017538,0.8749
PLOT-017097,1.4393
PLOT-018435,3.1878
PLOT-018565,1.9244
PLOT-015069,3.7121
PLOT-016572,2.1528
PLOT-015808,1.5303
PLOT-018232,2.2105
PLOT-015011,0.6041
PLOT-017025,3.8435
PLOT-017192,2.2605
PLOT-015917,2.874
PLOT-016451,3.4148
PLOT-017687,3.4887
PLOT-015176,2.6329
PLOT-015994,2.5549
PLOT-017488,3.1812
PLOT-017569,4.4847
PLOT-018740,3.9876
PLOT-018052,3.6234
PLOT-016255,2.9747
PLOT-018282,3.8951
PLOT-016664,2.3726
PLOT-017191,3.8557
PLOT-017801,1.0826
PLOT-017567,2.1659
PLOT-018370,1.3543
PLOT-017870,1.6202
PLOT-016790,2.9299
PLOT-017476,5.8051
PLOT-017660,1.3407
PLOT-018080,2.4582
PLOT-015156,4.2058
PLOT-017587,3.5452
PLOT-016460,2.375
PLOT-017046,1.9276
PLOT-018338,1.3041
PLOT-016850,1.664
PLOT-017509,0.1745
PLOT-017624,4.0035
PLOT-018410,3.396
PLOT-017303,3.0536
PLOT-018027,1.862
PLOT-017005,4.9344
PLOT-016185,2.0497
PLOT-016006,0.9809
PLOT-015560,5.1486
PLOT-017256,2.698
PLOT-015910,4.8206
PLOT-016311,5.6119
PLOT-017049,3.5457
PLOT-018413,2.4648
PLOT-015269,2.3546
PLOT-016993,4.0674
PLOT-015265,2.6044
PLOT-015914,2.7196
PLOT-017278,3.2787
PLOT-017231,1.6313
PLOT-018167,3.0433
PLOT-018732,3.1283
PLOT-017912,2.5345
PLOT-018114,3.6679
PLOT-015873,3.5252
PLOT-017093,1.8482
PLOT-017446,2.3916
PLOT-015475,2.4444
PLOT-016652,3.351
PLOT-016960,5.1846
PLOT-015045,3.2465
PLOT-015161,4.7121
PLOT-018039,3.1949
PLOT-017775,2.0624
PLOT-017677,2.0489
PLOT-015288,1.9829
PLOT-018107,2.8931
PLOT-018718,1.1841
PLOT-016948,2.1377
PLOT-015575,4.2205
PLOT-015850,2.4209
PLOT-018387,3.9331
PLOT-015911,1.924
PLOT-016254,6.0223
PLOT-016833,1.6993
PLOT-016722,2.2673
PLOT-017133,1.4465
PLOT-016735,3.8103
PLOT-015932,3.091
PLOT-016100,4.0658
PLOT-016207,2.0396
PLOT-017295,1.1101
PLOT-016843,0.605
PLOT-016848,2.652
PLOT-017524,3.5069
PLOT-016694,3.2724
PLOT-015085,3.2103
PLOT-015469,4.6388
PLOT-017273,0.6853
PLOT-017822,4.1176
PLOT-017379,3.0178
PLOT-015233,3.0897
PLOT-017636,1.203
PLOT-017523,2.4488
PLOT-018332,3.6831
PLOT-018699,1.98
PLOT-017647,3.6024
PLOT-017469,2.7302
PLOT-016711,2.4846
PLOT-015182,0.5948
PLOT-015988,3.4656
PLOT-016000,2.4742
PLOT-016641,1.5719
PLOT-016356,3.0364
PLOT-016462,1.7606
PLOT-015049,2.185
PLOT-018637,0.8983
PLOT-018077,1.2496
PLOT-017577,3.6457
PLOT-016258,1.3684
PLOT-015486,3.7871
PLOT-018715,1.1627
PLOT-017545,3.069
PLOT-016908,3.3143
PLOT-015106,2.3571
PLOT-015443,4.9041
PLOT-016954,4.03
PLOT-018560,2.8017
PLOT-015646,2.8653
PLOT-018084,3.8463
PLOT-016762,0.8161
PLOT-015726,2.7706
PLOT-017238,1.5607
PLOT-016856,2.862
PLOT-017330,4.7763
PLOT-015029,1.0942
PLOT-015169,3.6281
PLOT-016001,2.1513
PLOT-018252,2.5525
PLOT-017148,2.1103
PLOT-015197,1.9693
PLOT-015495,3.0449
PLOT-017026,2.5065
PLOT-015647,1.7948
PLOT-018035,1.1676
PLOT-015044,5.1629
PLOT-017758,2.9516
PLOT-015373,2.5698
PLOT-015678,3.3557
PLOT-015566,5.0391
PLOT-017895,2.1627
PLOT-015460,3.3461
PLOT-016932,2.6513
PLOT-018485,1.5387
PLOT-016155,3.3392
PLOT-015039,2.3021
PLOT-017482,1.3072
PLOT-015973,2.9855
PLOT-018287,1.0369
PLOT-018055,3.4217
PLOT-018627,1.2158
PLOT-018638,2.104
PLOT-016786,1.3014
PLOT-016498,2.7458
PLOT-017504,4.562
PLOT-016835,3.4562
PLOT-017308,1.9658
PLOT-016840,1.7141
PLOT-017083,3.7689
PLOT-015827,4.8104
PLOT-016935,2.6703
PLOT-017044,5.2714
PLOT-015309,1.8099
PLOT-015276,2.7472
PLOT-015636,4.0481
PLOT-015654,2.904
PLOT-015622,3.0658
PLOT-016859,3.2187
PLOT-015844,3.9056
PLOT-015393,3.6548
PLOT-017155,6.2519
PLOT-015349,2.1533
PLOT-017572,1.0076
PLOT-015784,1.8892
PLOT-015047,3.3395
PLOT-016978,3.7713
PLOT-017251,3.6133
PLOT-018651,3.4215
PLOT-016655,3.1722
PLOT-017069,3.6478
PLOT-015402,2.7837
PLOT-016107,2.5307
PLOT-016154,4.012
PLOT-016439,3.4139
PLOT-018749,1.6975
PLOT-017001,3.9185
PLOT-015989,1.747
PLOT-016865,2.5114
PLOT-017789,3.4987
PLOT-016310,1.715
PLOT-018195,1.8163
PLOT-015033,1.2861
PLOT-015787,3.3797
PLOT-018588,5.2449
PLOT-017971,1.8326
PLOT-016043,3.1537
PLOT-015481,2.272
PLOT-016243,3.5113
PLOT-017627,1.4231
PLOT-017529,0.4312
PLOT-015931,1.973
PLOT-017404,2.5098
PLOT-016685,1.0938
PLOT-016248,1.7828
PLOT-015759,2.5794
PLOT-015092,3.3848
PLOT-016175,1.9744
PLOT-016415,2.4378
PLOT-016341,2.4424
PLOT-016472,2.4581
PLOT-017851,1.0437
PLOT-017793,2.2628
PLOT-018594,2.3045
PLOT-017327,2.5448
PLOT-016607,4.0187
PLOT-015764,1.4151
PLOT-017652,4.413
PLOT-018747,3.5551
PLOT-016373,2.8031
PLOT-016951,2.5571
PLOT-018446,2.4371
PLOT-017448,1.9151
PLOT-016728,0.6738
PLOT-015257,2.3479
PLOT-015944,1.4011
PLOT-018144,1.5176
PLOT-016219,2.7898
PLOT-018555,5.1583
PLOT-016161,1.3102
PLOT-017542,4.8506
PLOT-015772,1.3189
PLOT-017598,4.8923
PLOT-016486,2.0961
PLOT-017249,3.1889
PLOT-015312,0.8014
PLOT-015290,2.3721
PLOT-018261,1.114
PLOT-015763,1.2904
PLOT-018184,1.411
PLOT-017997,4.4282
PLOT-015183,1.4899
PLOT-016176,1.2463
PLOT-016349,3.7257
PLOT-018116,1.8432
PLOT-018516,2.2258
PLOT-018078,5.7585
PLOT-017298,4.0443
PLOT-017871,1.5531
PLOT-016099,2.5368
PLOT-018584,3.6614
PLOT-017988,0.8926
PLOT-015391,0.6054
PLOT-016919,3.3018
PLOT-016456,1.2332
PLOT-016092,2.6898
PLOT-017022,1.9017
PLOT-018239,4.2687
PLOT-015904,2.2332
PLOT-017778,2.7544
PLOT-017602,3.5683
PLOT-015366,4.5568
PLOT-015345,3.2371
PLOT-018656,2.1459
PLOT-017583,2.508
PLOT-018470,2.6015
PLOT-018257,2.3045
PLOT-016372,2.6784
PLOT-016639,4.8061
PLOT-015919,3.02
PLOT-015211,2.5956
PLOT-016603,2.6375
PLOT-017550,4.0231
PLOT-015537,3.2089
PLOT-016220,3.1396
PLOT-015175,0.8537
