region,survey_year,planting_month,weather_season_mean_temp,weather_season_rainfall_mm,weather_season_heat_days,weather_temp_anomaly_c,weather_months_available
Oromia,2024,Feb,19.200000000000003,294.9,0.0,0.1543478260869584,4
Oromia,2024,Mar,18.975,374.2,1.0,-0.07065217391304301,4
Oromia,2024,Jun,17.125,695.6999999999999,1.0,-1.9206521739130444,4
Oromia,2024,Jul,17.066666666666666,717.1999999999999,0.0,-1.978985507246378,3
Oromia,2024,Aug,17.866666666666667,470.6666666666667,0.0,-1.1789855072463773,3
Oromia,2021,Feb,20.2,218.70000000000002,0.0,1.1543478260869549,4
Oromia,2021,Mar,19.7,322.40000000000003,0.0,0.6543478260869549,4
Oromia,2021,Jun,17.700000000000003,545.8000000000001,1.0,-1.3456521739130416,4
Oromia,2021,Jul,18.75,394.9,1.0,-0.29565217391304444,4
Oromia,2021,Aug,19.075000000000003,301.6,0.0,0.029347826086958406,4
Oromia,2023,Feb,20.099999999999998,307.5,0.0,1.0543478260869534,4
Oromia,2023,Mar,19.275,359.0,0.0,0.22934782608695414,4
Oromia,2023,Jun,17.25,712.2,0.0,-1.7956521739130444,4
Oromia,2023,Jul,17.849999999999998,607.2,0.0,-1.1956521739130466,4
Oromia,2023,Aug,18.15,433.3,0.0,-0.8956521739130459,4
Oromia,2022,Feb,20.775,354.0,0.0,1.7293478260869541,4
Oromia,2022,Mar,20.125,532.9000000000001,0.0,1.0793478260869556,4
Oromia,2022,Jun,18.725,765.3000000000001,0.0,-0.320652173913043,4
Oromia,2022,Jul,19.4,516.5500000000001,0.0,0.35434782608695414,4
Oromia,2022,Aug,19.425,413.85,0.0,0.3793478260869563,4
Amhara,2024,Feb,18.1,228.3,0.0,1.0100000000000016,4
Amhara,2024,Mar,17.25,296.5,0.0,0.16000000000000014,4
Amhara,2024,Jun,15.849999999999998,468.3,0.0,-1.240000000000002,4
Amhara,2024,Jul,15.9,352.0,0.0,-1.1899999999999995,4
Amhara,2024,Aug,16.075000000000003,247.9,0.0,-1.014999999999997,4
Amhara,2021,Feb,17.575000000000003,372.79999999999995,0.0,0.485000000000003,4
Amhara,2021,Mar,17.1,447.20000000000005,1.0,0.010000000000001563,4
Amhara,2021,Jun,15.65,924.0999999999999,1.0,-1.4399999999999995,4
Amhara,2021,Jul,16.5,798.2,1.0,-0.5899999999999999,4
Amhara,2021,Aug,16.95,621.6999999999999,1.0,-0.14000000000000057,4
Amhara,2023,Feb,15.825000000000001,229.79999999999998,0.0,-1.2649999999999988,4
Amhara,2023,Mar,16.25,279.70000000000005,0.0,-0.8399999999999999,4
Amhara,2023,Jun,15.2,709.4,0.0,-1.8900000000000006,4
Amhara,2023,Jul,15.025,608.7,0.0,-2.0649999999999995,4
Amhara,2023,Aug,15.299999999999999,385.5,0.0,-1.790000000000001,4
Amhara,2022,Feb,19.55,229.4,0.0,2.460000000000001,4
Amhara,2022,Mar,18.75,295.6,0.0,1.6600000000000001,4
Amhara,2022,Jun,17.3,483.3333333333333,0.0,0.21000000000000085,3
Amhara,2022,Jul,17.75,467.6,0.0,0.6600000000000001,2
Amhara,2022,Aug,18.55,299.0,0.0,1.4600000000000009,2
Tigray,2024,Feb,21.35,198.4,1.0,3.298888888888893,4
Tigray,2024,Mar,20.4,259.0,0.0,2.34888888888889,4
Tigray,2024,Jun,19.066666666666666,407.73333333333335,0.0,1.015555555555558,3
Tigray,2024,Jul,20.033333333333335,274.93333333333334,0.0,1.9822222222222265,3
Tigray,2024,Aug,20.366666666666667,176.66666666666666,0.0,2.3155555555555587,3
Tigray,2021,Feb,18.75,455.6,0.0,0.6988888888888916,4
Tigray,2021,Mar,18.349999999999998,497.9,0.0,0.2988888888888894,4
Tigray,2021,Jun,16.46666666666667,642.5333333333333,0.0,-1.5844444444444399,3
Tigray,2021,Jul,16.666666666666668,494.1333333333334,0.0,-1.3844444444444406,3
Tigray,2021,Aug,17.73333333333333,325.7333333333333,0.0,-0.3177777777777777,3
Tigray,2023,Feb,18.500000000000004,246.66666666666666,0.0,0.4488888888888951,3
Tigray,2023,Mar,17.6,305.2,0.0,-0.451111111111107,4
Tigray,2023,Jun,15.375,454.8,1.0,-2.6761111111111084,4
Tigray,2023,Jul,15.9,352.09999999999997,1.0,-2.151111111111108,4
Tigray,2023,Aug,16.275,235.79999999999998,0.0,-1.7761111111111099,4
Tigray,2022,Feb,17.875,352.8,0.0,-0.17611111111110844,4
Tigray,2022,Mar,16.725,475.2,0.0,-1.326111111111107,4
Tigray,2022,Jun,15.099999999999998,571.7,0.0,-2.9511111111111106,4
Tigray,2022,Jul,15.899999999999999,394.00000000000006,0.0,-2.15111111111111,4
Tigray,2022,Aug,16.25,325.3,0.0,-1.8011111111111084,4
Somali,2024,Feb,30.475,67.4,63.0,1.7386363636363633,4
Somali,2024,Mar,30.3,69.46666666666668,60.0,1.5636363636363626,3
Somali,2024,Jun,27.299999999999997,155.39999999999998,40.0,-1.436363636363641,2
Somali,2024,Jul,27.633333333333336,108.8,40.0,-1.1030303030303017,3
Somali,2024,Aug,27.925,87.39999999999999,46.0,-0.8113636363636374,4
Somali,2021,Feb,31.175,115.5,75.0,2.4386363636363626,4
Somali,2021,Mar,30.424999999999997,134.7,74.0,1.688636363636359,4
Somali,2021,Jun,29.099999999999998,186.8,62.0,0.36363636363635976,4
Somali,2021,Jul,29.674999999999997,162.4,65.0,0.938636363636359,4
Somali,2021,Aug,30.15,115.89999999999999,79.0,1.4136363636363605,4
Somali,2023,Feb,29.5,129.5,61.0,0.7636363636363619,4
Somali,2023,Mar,29.566666666666666,121.86666666666667,66.66666666666667,0.8303030303030283,3
Somali,2023,Jun,27.933333333333334,275.59999999999997,54.666666666666664,-0.8030303030303045,3
Somali,2023,Jul,28.25,216.60000000000002,56.0,-0.4863636363636381,4
Somali,2023,Aug,28.674999999999997,139.20000000000002,53.0,-0.06136363636364095,4
Somali,2022,Feb,27.425,123.9,41.0,-1.3113636363636374,4
Somali,2022,Mar,27.05,144.4,44.0,-1.6863636363636374,4
Somali,2022,Jun,24.799999999999997,253.5,16.0,-3.936363636363641,4
Somali,2022,Jul,25.275,207.2,17.0,-3.4613636363636395,4
Somali,2022,Aug,25.2,212.66666666666666,17.333333333333332,-3.536363636363639,3
SNNPR,2024,Feb,21.425,375.3,0.0,0.983695652173914,4
SNNPR,2024,Mar,20.975,457.4,0.0,0.5336956521739147,4
SNNPR,2024,Jun,18.525,703.0,0.0,-1.9163043478260882,4
SNNPR,2024,Jul,18.95,545.9,0.0,-1.4913043478260875,4
SNNPR,2024,Aug,19.275,433.2,0.0,-1.1663043478260882,4
SNNPR,2021,Feb,22.800000000000004,350.5,12.0,2.3586956521739175,4
SNNPR,2021,Mar,21.575000000000003,490.9,8.0,1.133695652173916,4
SNNPR,2021,Jun,20.125,912.4000000000001,0.0,-0.31630434782608674,4
SNNPR,2021,Jul,20.925,736.5,0.0,0.48369565217391397,4
SNNPR,2021,Aug,21.325,477.7,0.0,0.8836956521739125,4
SNNPR,2023,Feb,21.133333333333333,452.8,1.3333333333333333,0.6920289855072461,3
SNNPR,2023,Mar,20.2,675.8666666666667,1.3333333333333333,-0.24130434782608745,3
SNNPR,2023,Jun,18.65,765.8999999999999,0.0,-1.7913043478260882,4
SNNPR,2023,Jul,19.025,516.0999999999999,0.0,-1.4163043478260882,4
SNNPR,2023,Aug,19.275,376.1,0.0,-1.1663043478260882,4
SNNPR,2022,Feb,21.475,327.1,1.0,1.0336956521739147,4
SNNPR,2022,Mar,20.975,461.6,1.0,0.5336956521739147,4
SNNPR,2022,Jun,18.2,699.3,1.0,-2.2413043478260875,4
SNNPR,2022,Jul,18.65,517.5999999999999,1.0,-1.7913043478260882,4
SNNPR,2022,Aug,19.424999999999997,398.29999999999995,1.0,-1.0163043478260896,4
